sequence,label
QNVMGRGIALPGMANPQMFQRASTDLEEETADVHAEPEQNPQVSKAPQRARGPRGKRLPKAIKE,0
GLFTLIKGAAKLIGKTVPKKQARLGMNLWLVKLPTNVKT,1
PADVDPKTGIPRPPHPPDISPYYPLSPGTVGQIPHPLGWLVPQQGQPVYPIT,0
FVVAPDQPRYLGDIAISYQRVLAQA,0
KNMVQQVQAERDALALSKSPFIVHLYYSLQSANNIYLVMEYLIGGDVKSLLHIYGYFDEEMAVKYIS,0
GLLDTIKNTAKNLAVGLLDKIKCKMTGC,1
VAEEAAYQKLRSEIVLLVNE,0
IYASNIPVVTGIGHE,0
GWKKWFTKGERLSQRHFA,1
RRGKDSGGPKMGRKDSKGCWRGRPGSGSRPGFGSGIAGASGVNHVGTLPASNSTTHPLDNCKISPQ,1
IQQLQQRLRDCDIKHLTDVLEIDKDMRALMQ,0
FLPFIARLAAKVFPSIICSVTKKC,1
KNYGNGVHCTKKGCSVDWGYAWANIANNSVMNGLTGGNAGWHN,1
FLPLVTMLLGKLF,1
ALVDAVDTQRIVLPEQPALANVNTAADLAAIL,0
DQDREGGGGHEPEQQQEEPPLTKPEQQQEEPPLLELKQEQEEPPQTTVEGPQPAEG,0
FFSMIPKIAGGIASLVKNLG,1
GLLSKVLGVGKKVLCGVSGLC,1
RIFSKIGGKAIKNLILKGIKNIGKEVGMDVIRTGIDVAGCKIKGEC,1
VAIALKAAHYHTHKE,1
SGKSFKAGVCPPKKSAQCLRYKKPECQSDWQCPGKKRCCPDTCGIKCLDPVDTPNPTRRKPGKCPVTYGQCLMLNPPNFCEMDGQCKRDLKCCMGMCGKSCVSPVKA,1
RRSRRGRGGGRRGGSGGRGGRGGGGRSGAGSSIAGVGSRGGGGGRHYA,1
STIVCVSLRICNWSLRFCPSFKVRCPM,1
FLPLLAGLAANFLPKIFCKITRKC,1
IWLTALKFLGKHAAKHLAKQQLSKL,1
QVLCIIPNHSCITAAAFPWYY,0
IKVEPVPPKGLEFKIPGDYGLAAFHMLTASVT,0
GFVALLKKLPLILKHLH,1
SFGLCRLRRGFCARGRCRFPSIPIGRCSRFVQCCRRVW,1
RCTCTTIISSSSTF,1
DLQAAPPNSYVSFSDDDFISATLLYMLEDVSRNKSQLLAEKKHLKSQLMVANLDTYSLDCYEIHEFPSEWENDYAPFLLKEHHK,0
EGTWQHGYGVSSAYSNYHHGSKTHSATVVNNNTGRQGKDTQRAGVWAKATVGRNLTEKASFYYNFW,1
FEALKAEEVNVISNNFLELRDGGAFHNGEAVA,0
ELQCFCKVIVAQ,0
VTKELKDMTVALVTAAGVHMKA,0
EWKLPDLIINHITLTRRNCNKYRCG,1
GLMDTIKGVAKTVAASWLDKLKCKITGC,1
GLVRKGGEKFGEKLRKIGQKIKEFFQKLALEIEQ,1
RSQSLKKKRNRLARIHSHDDIMHLRSQSSFSSDLLGSGFSPIPEKSPNPSPLPKYERSPRKENNILDRTNLFDLR,0
GLWDSIKNFGKTIALNVMDKIKCKIGGGCPP,1
ARTARVVTTHSSGWDPSPGASFQV,0
GMMAFSSSSISAIEHSAKIIQAIK,0
IMKRHFTQALSTVTPRIPESLRRFYE,0
FSHIEWNLHLRSNKSIVVNNFVGQLCSRT,0
RSNKGFNFMVDMIQALSK,1
EESFTAAADDAIDRAEDTLDNVVWAEVVDQGVEIGAVEERTYQTEVQVAF,0
KYYGNGVSCNSHGCSVNWGQAWTCGVNHLANGGHGVC,1
IAHELAHSWSGNLVTNCSWDHFWLNEGW,0
RGLRRLGRKIAHGVKKYGPTVLRIIRIAG,1
GLFDIIKNIVSTL,1
VVYQEEPGGSGAVMSERVSG,0
NANSNFEGGPRNDRSSGARNSLGRNAPTHIYSDPSTVKCANAVFSGMIGGAIKGGPIGMARGTIGGAVVGQCLSDHGSGNGSGNRGSSSSCSGNNVGGTCNR,1
LEPGVVIGYDR,0
KDNIVVMDCFNLPVV,0
GLLGLLGSVVSHVVPAIVGHF,1
QQLEEKQQHNQRLTQELSAPSHEHLMLQAELRRLEAEHK,0
FVGRVDDTGWDGSELIRQIK,0
YSDRPSALLKQGLSPEGTAPGSGRSSAQVPGSHLAGRWILTAGLGGMGGAQPLAATLAGAVSLTIECQQSSIDFRLRTRYLDKQARDIDDALNLIRHHCE,0
GAARKSIRLHRLYTWKATIYTR,1
RFQGVYLPLLWEQSFCWKSPIALGYTRGH,0
SQLNNHKNEEKKPSQQ,0
INEDILYKIYKGVSESLQAFDGIVITHGTDT,0
VRRFPWWWPFLRR,1
WYVKKCLNDVGICKKKCKPEEMHVKNGWAMCGKGRDCCVPAD,1
SIENDAEHVCEVLVEAGSKNSRL,0
FLPLFASLIGKLL,1
GDATSASYFLAAAGIKGVPVTGIGRHSMQGD,0
IVQAGKNAANPHLGPTMNTVQPNELVLFDLGTMHDGYASDSSRTVAYGTPSDKQREIYEVDREAQQAAIEAAKPGITAEELDSVARDIITKAGYGEYFIHRLGH,0
IRYVWNQEDHVWCEYYSLSSKRWIHLDPCEGVYDEPLLYCNNWGKRMSYVIGFNYNYMIDLSDKYIVPEKQIPKNSI,0
PANPESASPYSPSSRRWLNVI,0
ASLSREEPQDIYWLAQCLYLTAQYHRAAHALRSRKLDKLYEACRYLAARCHYAAKE,0
HLSLLYAELTEEEKKNAQEKAYTLDSSLD,0
NEIYNVEIRTVRSGIEEINRSRHELL,0
GYFCESCRKIIQKLEDMVGPQPNEDTVTQAASQVCDKLKILRGLCKKIMRSFLRRISWDILTGKKPQAICVDIKICKE,1
FITLLLRKFICSITKKC,1
NPVSCVRNKGICVPIRCPGSMKQIGTCVGRAVKCCRKK,1
FIVPSIFLLKKAFCIALKKNC,1
NLDALWDCLTGWVDLPLTLVLKNFEFS,0
DAEFRHDSGYEVHHQKLVFFAEDVGSNKGAIIGLMVGGVVIA,1
TPYLPAGLRVRTPALPGHGGTPARGPTLEAWSDALLPELPDDAVVCGWSLGGLVALDLARRHPHKVARLVLI,0
RLCYTSNIFRFDETGKKSRENWQLGAEIIGVTGSEANAELITLALETLSRLGFEDVELRLSHSQLIKAVLAQLEPNADEQHKIFDQLLDGDVALMSRLE,0
PVQVFNLQGAVEPMQIDVDPQEDPQNAPDVNYVVENPSLDLEQYAASYSGLMRIERLQFIADHCPTLRVEALKMALSFVQRTFNVDMYEEIHRKLSEATRSSLRELQNAPDAIPESGVEPPALDTAWVEATR,0
KCRQFNAEMECNMKKLFN,0
FLTGLIGGLMKALGK,1
PPHKKKLAVYPVFLFYLFLSWFSLIV,1
PDDTVGDFKKLVAAQTGTDPRRIVLKKWHSVFKDNITL,0
GLASFLGKALKAGLKIGSHLLGGAPQQ,1
LAADTIVVYQNQILHKPIDTNDAF,0
ALYKKFKKKLLKSLKRLG,1
RKRLEAFLTQKQKVGELKDDDFEKISELGAG,0
SPAGCRFCCGCCPNMRGCGVCCRF,1
GVFLDALKKFAKGGMNAVLNPK,1
IKAKSQYQPPEEKVVHETS,0
FWGALIKGAAKLIPSVVGLFKKKQ,1
SSIYPEAKARLPLEALLGSNKEPMLPKETVLSLKRYNLGSS,0
LTQTEVDKSNKNYYGETNLYLLGITGQFDCRVDLDREGPIHDVCWNADSKEFGIVYGYMPAKTAIFDNRANVVSIIPPAPRNTLIFSPNSRYILLAGFGNLQGSIDIFDAANNMKKITTVE,0
EAKEEMYKLYPNARRAHLKTGGNFPYLCRSAEVNLYVQIHLLQFHGTKYAAIDP,0
VLPIIGNLLNSLL,1
GWFGKAFRSVSNFYKKHKTYIHAGLSAATLL,1
IAVRTVEVHRARVMEKM,0
WSNEWKSLIKSVHVGRLWVGPPWD,0
EFNLILSCDIPLISTELLQELISKHTEEAGITVFASESKTHPLIGIYSKKILPIIKSAIEADELKMMDLLAKVPHQ,0
RVPLIQGFNADETSVKAITDFAA,0
RRAEVTIPYFDGLSGQKR,0
TLSDVFMEHGKMGEFLDGLR,0
VDECPLDQGLPKFSAEVIFEKCSQ,0
FYVINRIGLENPGIHAFVENIPELPVPMIASLGGDSFEEYLEVARVFK,0
MTAENFRCLCT,0
GLPQDCERRGGFCSHKSCPPGIGRIGLCSKEDFCCRSRWYS,1
GAFGDLLKGVAKEAGLKLLNMAQCKLSGNC,1
GLIGSIGKALGGLLVDVLKPKLQAAS,1
RRWKIVVIRWKK,1
GILDAIKAFANALG,1
ATCDLLSGTGVKHSACAAHCLLRGNRGGYCNGRAICVCRN,1
YVDREINLFDHYCIISRSPHISRWELKWQATVTCPGWTPVKGKVRGYSNPLSAEREATRDFVQRIVQRGLVTRDEASEWL,1
GQVIAVELDDKLVTA,0
AAERTMRAQAERLACQDQQLRA,0
SNFDCCLGYTDRILHPKFIVGFTRQLANEGCDINAIIFHTKKKLSVCANPKQTWVKYIVRLLSKKVKNM,1
GIPCGESCVFIPCITGAIGCSCKSKVCYRN,1
RVWDLSTGTCKYVLEGHDAFVTLLNVFQNRLI,0
GLWQKIKDKASELVSGIVEGVK,1
LKMPNFDFKKNQVFFGNYE,0
GLGSVFGRLARILGRVIPKVAKKLGPKVAKVLPKVMKEAIPMAVEMAKSQEEQQPQ,1
VKVRLGTRHKAVQHQALALNSSKCQELANYYFGFNGCSK,0
GILDSFKGVAKGVAKDLAGKLLDKLKCKITGC,1
IWSAIWSGIKGLL,1
WRSLGRTLLRLSHALKPLARRSGW,1
VSCDFEEANEDAVCQEHCLPKGYTYGICVSHTCSCIYIVELIKWYTNTYT,1
PLLSSIKNAYEVMLAHQKER,0
GKLTKDKLKRGAKKALNVASKVAPIVAAGASIAR,1
IVNLNNGQRWLTYVLPGQAGSGMVCPN,0
VGENYDQIQGLVEESSSSD,0
QGVYYDFPRGVEKNKPVFYPKPPKTFAPNTSLNSWDPICSAKEANIQRNLERSHWLTSYTHDFTGLGPMDPLELDDYH,0
LQSNININTAAAVILIFNQVQVGALCAPTPVSGGGPVP,1
GKLQAFLAKMKEIAAQTL,1
RCVCTRGFCRCICLLGIC,1
VYHPSEPFYVFKQPEKITAVFPMNFKDNSDVVIA,0
GYQEFLKKQEKKNYEIQTVLSEDKSHGYVL,0
DYDWSLRGPPKCATYGQKCRTWSPRNCCWNLRCKAFRCRPR,1
RRSKVRICSRGKNCVSRPGGGSFNDEFIRDHSDGNRFA,1
VFLGAIAQALTSLLGKL,1
GGGEGHQPAANNNNNNHNHNHNH,0
APVPFSCTRGCLTHLV,1
AAGEKNEFNISSEELKEHINHNNVEVMNEWKD,0
GLLDFVTGVGKDIFAQLIKQI,1
ACLDILILRICTRYTPEQDTMTFSD,0
MSCFPWAEKKQDVKEQMFNELLTYNAPHLMQDLDTYLGGREWLIGNSVTWADFYWEICSTTLLVFKPDLLDNHPRLVTLRKKVQAIPAVANWI,0
FMGTALKIAANVLPAAFCKIFKKC,1
FFHHIFRGIVHVGKTIHKLVTGT,1
RPDLLIDGPLQYDAASVESVGRQKAPDSQVAGRANV,0
VVKCSYRLGSPDSQCN,1
NLFAMGNVDFKVIH,0
TYLDNWMNLPPEQENTEFWQGLF,0
SIKPTHVFNAAGLTGRPNVDWCESHKPETIRVNVAGTLTLADVCRENDLLMMNFATGCIFEYDATHPEGS,0
IIPLPLGYFAKKT,1
YVPKIPKPQPNKPNFPSFPGHGPFNPHASRFPRSPKDNGKIVFDAKKEGGKTQWNVETQQKVWGNKHGSIHVSAGAGKQPGGKPQGQVGIGGSFSWGK,1
GIGSALAKAAKLVAGIV,1
GKQYFPKVGGRLSGKAPLAAKTHRRLKP,1
SEKNAVTSIFHKIGAFEEELKAVL,0
KQLGMQGAALSRPRLAWVREVQLYGNDE,0
MNDYGFIYQGSKNWIRPCPWN,0
GKCSVLKKVACAAAIAGAVAACGGIDLPCVLAALKAAEGCASCFCEDHCHGVCKDLHLC,1
CLFHREKAIAQLASDRTRRPNI,0
TKPTLLGLPLGAGPAAGPGKR,1
QLARETSVDPDMRKG,0
LSCDEGMLAVGGLGAVGGPWGAAVGVLVGAALYCF,1
GLLDIVKKVVGAFGSL,1
WSCPTLSGVCRKVCLPTEMFFGPLGCGKEFQCCVSHFF,1
VDKPDYRPRPRPPNM,1
GYENFDYAFSMHLRKHVRLPNY,0
WYLDGFSPSKNQSMW,0
ILQKAVLDCLKAAGSSLSKAAITAIYNKIT,1
GKNGVFKTISHECHMNSWQFLFTCCS,1
SLGSFAILSSILYAKELG,0
KRRGSVTTRYQFLMIHLLRPKKLFA,1
ASVVKTTIKASKKLCKGATLTCGCNITGKK,1
YQALKKKYPRVKLGGNIGVSPLSFF,0
LLGMIPLAISAISALSKL,1
LQRASSCSKGSRDIEEFV,0
PWNIFKEIERAVARTRDAVISAGPAVRTVAAATSVAS,1
AGCIKNGGRCNASAGPPYCCSSYCFQIAGQSYGVCKNR,1
TTPLCVGVIIGLTTSIKICK,1
KIKWFKTMKSIAKFIAKEQMKKHLGGE,1
GFKLKGMARISCLPNGQWSNFPPKCIRECAMVSS,1
VFDSSMIKFIEKAILESNLGCTPVST,0
GIFSKISGKAIKNLFIKGAKNVGKEVGMDVVRTGIDVVGCKIKGEC,1
HHHLFGHVGHEVERSLHKVGHKLEHACHEVHKTAKKVQK,1
GDCGGTCTWTKDCSICPSWSCWSWSC,1
DLLKIFVGGTTADFSAF,0
GWKDWAKKAGGWLKKKGPGMAKAALKAAMQ,1
ILGPVLGLVSDTLDDVLGIL,1
GMWSKILGHLIR,1
MFEKQKRVGLVVYLYYNRDARKVHKYGDVYYHSKKGRYLVMYVNQNDLEEKMKELQKLKFVKEAVASAFDEIDHQFVGNLHR,0
DTHFPICIFCCGCCHRSKCGMCCKT,1
SYSMEHFRWGKPV,1
IVRVAVALRRIR,1
QNMNDSCEDALANKTRP,0
AKISGPEETSELPEVVSEERVPATATEPMADLRHGVTREPISPASKDSLRDKFKEKLDKWFHRPNLLSKRD,1
GLFDSITQGLKDTAVKLLDKIKCKLSACPPA,1
FSLFFPYAALKWLRKLLKK,1
IYDKVKNNNRLFSWYFETA,0
NGLLPNGSKGLLITMDYAQEQLDGPP,0
FIFLSEKEIHLK,0
VGGLPYHTTDASLRKYFEGFGDIEEAVVITDRQTGKSRGYG,0
PVTITSLNDFKKALKKYTVNLMAKLNESNQSRVAVLKSKLP,0
TRKRKGKSESKSKR,0
GLWQKIKSAAGDLASGIVEGIKS,1
MERFLPVCRVNDFQMSDVINPKAKRTARFLSGILNFVHFRECRREAYLELQLNYKSA,0
EYDAVEVVVGLPRDLQGNGSASVKQAREIAFR,0
VRLWDTSSHQCINIFTDYGGSATFVDFNSSGTCIASSGAD,0
LSKSLRKAAESRGHLFWARGPDN,0
TSYGNGVHCNKSKCWIDVSELETYKAGTVSNPKDILW,1
LRDLVCYCRARGCKGRERMNGTCRKGHLLYMLCCR,1
GLVDVLGKVGGLIKKLLPG,1
IIEKLVNTALGLLSGL,1
QSPASGSISTTNITNRNS,0
FLPLLLAGLPKLLCLFFKKC,1
FTKETDFSEITTDSSVLPEDLSVPMYPYTG,0
FLPVIAGVAAKFLPKIFCAITKKC,1
KTENAAATPATEFAVTV,0
FIGLLISAGKAIHDLIRRRH,1
ETHPQHKLFKGMVNRDYGYGGLLSIDMETE,0
TEPQENVCHLFAEYDMVQPASQVIGLVTAL,0
GVITDALKGAAKTVAAELLRKAHCKLTNSC,1
GLLSGILGAGKQKVCGLSGLC,1
EAETRCVRDALDRRDTAAVAAIGGPAGDLLVRIMAAGG,0
SSSLLNTAWRKFG,1
RIVPVDATWYLPSWKLDNKVD,0
VVCACRRALCLPRERRAGFCRIRGRIHPLCCRR,1
KKCKFFCKVKKKIKSIGFQIPIVSIPFK,1
NSSILHGDDNNGCNPKLKAICIAMCCRHVCDYGDYVNRSYVTSLVEKY,0
NPFKKLERVGQHIRDGIIKAGPAVEVIGQANSIARPAGK,1
FLGVVFKLASKVFPAVFGKV,1
GFMATAKNVAKNMDVTLLDNLKCKITKAC,1
YCPGGKLASVDHGISFDPMPLET,0
NTSAENLTCLSLPGSPGKTAPLPGPAQAGAGQPLPKGCA,0
LVQRGRFGRFLKKVRRFIPKVIIAAQIGSRFG,1
YDVKFGTSYRKKGDNDHLPIAGGQHHGHQHHGHQHHGHHHHN,0
CPIMDPAWESPEGVPIEGIIFGGRRPAGVPLVYEAFNWQHGVFIGAAMRSEATAAAEHKGKIIMHDPFAMRPFFGYNFGKYLAHWLSMAHRPAAKLPRIFHVNWFRKDSQGKFLWPGYGENSRVLEWMFN,0
FHSEAASLRRKRSNFFPKLDELNGAQDEEMRGLNIPGGSGYLENRYGRDKFTFSDAAVNSAGMGGSGIFSHNNADDGLGDGSSTVLP,0
ACRFLKPLMPKSWHFVQQPKVLIPQNGELTLVTVLDNGENVRLLVVEPSCSASLCLLAQSQVVLAGRQLV,0
ISQLREDDARAALSRSLELWKDLPPEDPHVPDFPTRISLSRLLMEVSMLLEALEVLERLILED,0
TVAEYIPNGAVMADIGSDHAYLPCYAVLNH,0
VAGALGVQTAAATTIVNVILNAGTLVTVLGIIASIASGGAGTLMTIGWATFKATVQKLAKQSMARAIAY,1
GYAYSGKNVSGMDDQ,0
GFGSFLGKALKAALKIGANVLGGAPQQ,1
DNGIPIAYCSW,0
HTMLGSPEQPGVIPRALMDLLQLTREEGA,0
GFIVSSPFLFFNQYEFDLDETVVEILEVEDANDVEVMVILTMES,0
KHRKSAQDIKKSKIFTKITRKITISCLKNGTDVNK,0
SDVIREISRKVSKIQDFGLNDYEVRDLNDEINKLLREKGHWENQIVALGGANYKRGVPSMLGD,0
PDPGQPWQVKAGRPPCYSIPCRKHDECRVGSCSRCNNGLWGDRTCR,1
LIGLVSKGTCVLVKTVCKKVLKQ,1
IGLKNRVWAGYTDSYVA,0
ISIPELEFKFENVVNN,0
MRKEFHNVLSSGQLLADKRPARDYNRK,1
FLPLIASLAANFVPKIFCKITKKC,1
KAYSMPRCKYLFRAVLCWL,1
FLPVIAGVAANFLPKLFCAISKKC,1
YGQSTHAVIYAQGYTYSSDWR,1
EKHRDECPYGIIGCTLCGKDCSRVDIESHTENHCPKLLVKCPTCNQDQLIARCDLDDHLSV,0
GLKDKFKSMGEKLKQYIQTWKAKF,1
FLQTILVGCFVSNKASVEHSLEVVYENIIELEKW,0
AATAAAAAAAAYSDGYGRVYTADPYHALAPAASYGVG,0
KQMGSSVKERLRPELSQLDQDADD,0
ARGTNVGRECCLEYFKGAIPLRKLKTWYQTSEDCSRDAIVFVTVQGRAICSDPNNKRVKNAVKYLQSLERS,1
RRSKVRICSRGKNCVSRPGGGSVIGRPGGGSPPGGGSFNDEFIRDHSDGNRFA,1
YGQEKLADKKD,0
GLFSILKGVGKIALKGLAKNMGKMGLDLVSCKISKEC,1
SLSFGNLEQTSVNNDSEEFETLLAKMNMT,0
YAYSHGLEWAAEAGDVRDEASLGAWLADVLSHGAARNDAILAAHAHGAGLAGDPRAAEALNDLALALAPSRELHLETSQQGRSFLDAT,0
DESARSLTNVVFTTADLERDQAIAKDATKEGLFNL,0
FELYDKLVVSGLEAEKIINDNAMKEFHELAILDLDAAKEQIPDLEEKLKVLLLPAD,0
TVKTLLGRLVKKEALWTEQ,0
SLSRFLSFLKIVYPPAF,1
TVKCGMNGKMPCKHGAFYTDTCDKNVFYRCVWGRPVKKHCGRGLVWNPRGFCDYA,1
AIKAADEGNLILFVL,0
EIARGLVSYDADDARRIAGRKSAEIETILGYPGRAA,0
MPEPAKSAPAPKKGSKKAVTKAQKKDGKKRKRSRKESYSVYVYKVLKQVHPDTGISSKAMGIMNSFVNDIFERIAGEASRLAHYNKRSTITSREIQTAVRLLLPGELAKHAVSEGTKAVTKYTSSK,1
MKETGSECVIHTHSKCANLITQLIKSNVFEISHQEYIKGI,0
ERYILQTINGFKPAVVKGKMRH,0
LYIPEHKTGGWTNHNPRRLRKLLLHKYQIARLRKD,0
KKPLTDNGATSRHM,0
PSTTPAPSTTSAPTTTTTAEPTPTTSSTNNTSTTTPTSVPTPTNNTPATPNPTPTTSSTPGSTSTTSPQQSSDFATGTELEATIKNITDMGFARDQVLRALRLTFNNAERAIEYLVSGNIPAANDPEDEEEMEGGGGSGDNPFEALRNHPH,0
ASQPFQPQDHPSEAAALLMFHSSSIYNKRCLMAYHNLRLQRLRQYCWSGGKRMESCLDTSLSTYERDYL,0
RAARLSAIEQALATHIITSQSQLS,0
LTTKLWSSWGYYLGKKARWNLKHPYVQF,1
FLPLLAGLAANFLPTIICKISYKC,1
KKCTKPLVLWEEM,0
WRSRTGPQDAELWPPRTLCEL,0
GTAQAPSLVLKEKEPNTSKQKFQLPKPPMVSTRSVVAPVRT,0
VQETQKLAKTVGANLEETNKKLAPQIKSAYDDFVKQAQEVQKKLHEAASKQ,1
GPTLIGLAMGDAGGYKASDMWGPKEDPAWQRNDPLLNVGKLIANNTRVW,0
GLWETIKNFGKKFTLNILHKLKCKIGGGC,1
AVLDFIKAAGKGLVTNIMEKVG,1
CNEEFDSIPRRTGAEVDITGMTMLLQNLG,0
YQFGEIRTITIVQRQQCAFIQFATRQAAETAAEKSFNKLIINGRRLNVKWGRSQAARGKGEKDGVTESGIRLEPVPGLPGALP,0
FLKGVINLASKIPSMLCAVLKTC,1
APAHRSSTFPKWVTKTERGRQPLRS,1
FLPILAGLAANILPKVFCSITKKC,1
FKSWSFCTPGCAKTGSFNSYCC,1
ILKRVAANALMSLLAVSRRAQKHALKANLIDNCMEQMKHINAQLNLDSLRPGKAALKKKEDGVIKELSIAMQLLRNCLYQNEECKEAA,0
PNISGALVGRALFNKTITLEEAMETAQPNPEPV,0
RPRPNYRPRPIYRP,1
SDTDNDNDGDAMEEDDDDMPTFFKEVKEAEAAKEAAKTPSKNPKSKVA,0
DSTDFFKSGAASVDVV,0
YDPITVNLIAGDQKKPSF,0
EDIKNVVLQYGFKVE,0
SLFSSKEDHCGVRHNERMEF,0
FLPIIAGAAAKVVQKIFCAISKKC,1
DLSANRSVLELSGPAAPLVLRKSCP,0
LITTKESWDDKLAEADRDGKIVVANFSATWCGPCKIV,0
FLPIALKALGSIFPKIL,1
FIDDFLAYGNAAMGMVELAEQSGAVIEGMGFIIEKAFQDG,0
NNNIINNNNSQSNLQSLLHPQYYLSNSSSSSSSS,0
QANEVMFNLLDSHDTKR,0
LPVNEAQCRQVGGYCGLRICNFPSRFLGLCTRNHPCCSRVWV,1
SPQEYRGEKVLAAKGGHIPGAVNFEWTAAMDPSR,0
ILPFVAGVAAEMMQHVYCAASKKC,1
GDTENIVTVFDLANEIE,0
FLPLIGKVLSGIL,1
SHQDCYEALHKCMASHSKPFSCSMKFHMCLQQQ,1
FLGMLLHGVGHAIHGLIHGKQNVE,1
FFGAIAAALPHVISAIKNAL,1
IPVAAGHAAAHVTEEPFGKIDVLVA,0
NLGGAKTKVKLSLDDDDDDQLIDE,0
ITIPPIVKDTLKKFFKGGIAGVMGKSQ,1
PRQPSKGLFSDPVSTSTVGLT,0
YPLDQVEEQDEHQVAHIRVRRVTCDLLSAEAKGVKVNHAACAAHCLLKRKRGGYCNKRRICVCRN,1
FLFSLIPHAIGGLISAFK,1
LLDIHGVSDHLTIDLGEVRGLDYHTGLTFE,0
FLPAALAGIGGILGKLF,1
IIRRLPDAMSDEQSHIQDSFVDGLLDCP,0
SAEEPATLSETNGKSTG,0
RFRPPIRRPPIRPPFYPPFRPPIRPPIFPPIRPPFRPPLGPFP,1
TFATALDSTRH,0
ITSVSWCTPGCTSEGGGSGCSHCC,1
IPDGMCIDVEGKLWVACYNGGRVIRLDPETGKRLQTVKLPV,0
FLLFPLMCKIQGKC,1
FLPLLFGAISHLL,1
FLPLLAGLAAKWF,1
FKLGSFLKKAWKSKLAKKLRAKGKEMLKDYAKGLLEGGSEEVPGQ,1
GVWDWIKKTAGKIWNSEPVKALKSQALNAAKNFVAEKIGATPS,1
CETPSKHFNGLCIRSSNCASVCHGEHFTDGRCQGVRRRCMCLKPC,1
ELKTLHKTSYPYIVSFYDAFYTEGSIFIALE,0
YIEFESSWGNGQFHSQLSG,0
FFGSLLSLGSKLLPSVFKLFQRKKE,1
GAGTGQMGPGRDQGDDHNSQREGMSRHHH,0
MEGFLGLEVLLTENTKDFDEVTVVTRWNTKDDFKNWT,0
NPANPLNLKKHHGVFCDVCKALVEGGEKVGDDDLDAWLDVNIGTLCWTMLLPLHHECEEELKKVKKELKKDIENKDSPDKACKDVDLC,1
GFMSKVANFAKKFAKGGVNAIMNQK,1
RFRLPFRRPPIRIHPPPFYPPFRRFL,1
SDCLQTITPTSVVTV,0
KRFKKFFKKLKNSVKKRAKKFFKKPRVIGVSIPF,1
GFLSALKKYLPIVLKHV,1
VETRQKETLKVVVTEVLGGGRF,0
RFYGHRQYLECEVFRVEGIKDNLDDIKRIIKAREHRNRLLA,0
DLGLAQPNPNVLTI,0
MNSSSVLFVCILGACSVWTVHGRNLKVNDDDQEGAELDISVEARKLPGLCWVCKWSLNKVKKLLGRNTTAESVKEKLMRVCNEIGLLKSLCKKFVKGHLGELIEELTTSDDVRTICVNLKACKPKELSELDFESDEDAHTEMNDLLFE,1
GVGSFIHKVVSAIKNVA,1
SGFVLKGYTKTSQ,1
PAAIKGAVAAGAGRLP,0
LPVYDHGAVMQDDDT,0
GEGFLGMLLHGVGHAIHGLIHGK,1
LAHTYQSPLLYCDLEVEGFRATMAQRLV,0
LIAGLAANFLPKLFCKITK,1
GVIPCGESCVFIPCISTLLGCSCKNKVCYRN,1
WTTIVKVSKAVCKTGTCICTTSCSNCK,1
ILGPVISKIGGVLGGLLKNL,1
WNPFKKIANRNCYPKTTCETAGGKKTCKDFSCCQIVLFGKKTRAKCTVVTS,1
DTFDYKKFGYRYDSLELEGRSISRIDELIQQRQEKDRTFAGFLLKGFGTSAS,1
AREHHRFGGADHPRADQYRGG,0
KDGYLVGNDGCKYSCFTRPGTYCANECSRVKGKDGYCYAWMACYCYSMPNWVKTWNRATNRCGR,1
FLGLIFHGLVHAGKLIHGLIHRNRG,1
RIKDAQLPKEVEEAALE,0
GLLDSFKNAMIGIAKSAGKTALNKIACKIDKTC,1
IASKFICTPGCAKTGSFNSYCC,1
IFDDYVEISSEGNLKGIDVDLSN,0
GIFSNMYARTPAGYFRGPAGYAAN,1
SDYLNNNPLFPRYDIGNVELSTAYRSFANQKAPGRLNQNWALTADYTYR,1
VSASRDRTIKLWNTLGECKYTI,0
GWINEEKIQKKIDEKIGNNILGGMAKAVVHKLAKGEFQCVANIDTMGNCETHCQKTSGEKGFCHGTKCKCGKPLSY,1
EQTVKLLRHRIL,0
GWFDVVKHIASAV,1
GLVGTLLGHIGKAILG,1
GLPRKILCAIAKKKGKCKGPLKLVCKC,1
NAKAVNLWNVAFA,0
GLLSGVLGVGKKVDCGLSGLC,1
GVTHADCQTVSDKVGEILEAEDAIPGHY,0
GQALNKLMPKIVSAIIYMVGQPNAGVTFLGHQCLVESTRQPDGFYTAKMSCASWTHDNPIVGEGRSRVELEALKGSITNFVQTASNYKKFTIDEVEDWIASY,1
GLVPLDFHQRSSVKDRYKKHK,0
GLMDTVKNAAKNLAGQLLDRLKCKITGC,1
SASIVKTTIKASKKLCRGFTLTCGCHFTGKK,1
WNPFKELERAGQRVRDAIISAGPAVATVAQATALAK,1
DSMGAVKLAKLLIDKMKCEVTKAC,1
RIAQVLAGYTLGAADLLRRAMGKKIKKEMEEQEEIFVKG,0
TTHSGKYYGNGVYCTKNKCTVDWAKATTCIAGMSIGGFLGGAIPGKC,1
FKIPPIVKDTLKKFFKGGIAGVMGQ,1
AVPIKLSNKNGQSASKNKILDFLKSDKENLISGDDDQEL,0
TGDRLKEAQHINKSLSALG,0
GFGCPRDQYKCNSHCQSIGCRAGYCDAVTLWLRCTCTDCNGKK,1
SPLTINTYCQFYDRR,0
FPISPAISCASSCPS,0
ILLFKSSKEVPSEIKNNSSIKTICLDEFDTKEFEEEFV,0
RQDVRAYVAALEDVIIRTLDKMNVRGE,0
CFQCHDELNTHP,0
QEGLKSSLQEVKNKLTPGGTLMDSWINTEGIHAADRNVEKLQVLLSLITEIYCQFKKDKAQRRLSYNEEQI,0
SDGGAQDCCLKYSQRKIPAKVVRSYRKQEPSLGCSIPAILFLPRKRSQAELCADPKELWVQQLMQHLDKTPSPQKPAQGCRKDRGASKTGKKGKGSKGCKRTERSQTPKGP,1
VSRGKQRSRDQNGVMHSAASGALGVPHHLRRGEKGTSYSWSPEARQAVSVDKKNGSVRFATPYDQNWESHLNKLLSAQCGQNYAGAKFSEPPSPSVLPKPPSHW,0
FGVQVPKGPHEESNYEA,0
GIFSKLGRKKIKNLLISGLKNVGKEVGMDVVRTGIDIAGCKIKGEC,1
IQRTPKIQVYSRHPAENGKSNFLNCYVSGFHPSDIEVDLLKNGERIEKVEHSDLSFSKDWSFYLLYYTEFTPTEKDEYACRVNHVTLSQPKIVKWDRDM,1
GLFTLIKGAAKLIGKTVAKEAGKTGLELMACKITNQC,1
GIMSLFKGVLKTAGKHVAGSLVDQLKCKITGGC,1
NKKNNNNSDDVLPFISESPFDMNQV,0
ATAVDFGPHGLLPIRPIRIRPLCGKDKS,1
GLDFSQPFPSGEFAVCESCKLGRGKCRKECLENEKPDGNCRLNFLCCRQRI,1
SCTTCVCTCSCCTT,1
FWGFLGKLAMKAVPSLIGGNKSSSK,1
KERIDFFTALCEKELGWKME,0
AALKGCWTKSIPPKPCSGKR,1
PQRHPNTLSFRCSL,0
ILLPEKSSKLNSGKVIAVGPGSRDKDGKLIPVSVKEGDTVLLP,0
ATCDLLSAFGVGHAACAAHCIGHGYRGGYCNSKAVCTCRR,1
LHQHVEKHLLKDIREMFQNPDLKFKNKSKEETF,0
VNKVQKRSHSQPIFTQYS,0
AVVYACDYKFDNNHPYGERPDYKRLK,0
QGVRSYLSCWGNRGICLLNRCPGRMRQIGTCLAPRVKCCR,1
ATCDLFSFRSKWVTPNHAACAAHCLLRGNRGGRCKGTICHCRK,1
FLSAITSLLGKLL,1
IKIPAVVKDTLKKVAKGVLSAVAGALTQ,1
VRPEAPGQKASAERERLEIARPRFES,0
TGFARDLADYIQEQGWQTY,0
IAFMVKAVVLDPTNHFNV,0
IPAYAQKLLVMLVEFDYIKISNLLRHNTVSQCFEFLLGDLSS,0
ILEIVRVTSDDLIG,0
RPKHPIKHQGLPQEVLNENLLRF,1
KTCMTKKEGWGRCLIDTTCAHSCRKYGYMGGKCQGITRRCYCLLNC,1
EQKCETKNCNIEESTTKIVKAKKS,0
GFWGSLWEGVKSVV,1
IIGHLIKTALGMLGL,1
QPKGLSRAHWFEIQHIQTSRQPCNTAMRGVNNYTQHCKQINTFLHESFQNVAATCSLHNITCKNGRKNCHESAEPVKMTDCSHTGGAYPNCRYSSDKQYKFFIVACEHPKKEDPPYQLVPVHLDKIV,1
TSPSGKPATLKICSWNVDGLRAWIKKKGLDWVKEEAPDILCLQETKCSENKL,0
LLDVVQFLPEDIIIQTF,0
ATTGCSCPQCIIFDPICASSYKNGRRGFSSGCHMRCYNRCHGTDYFQISKGSKCI,1
ERRRQRTAQLAEGYAAGTL,0
LTATVATASTSVDEAAK,0
TLSGPHKDDLFVAIGGRDIRYFASE,0
QQCGRQASGRLCGNRLCCSQWGYCGSTASYCGAGCQSQCRS,1
QRGRKKDRPRKHLTLNNKVQKKRWQQRGRKANTRPLKRRRKRGPR,0
TKYYGNGVYCNSKKCWVDWGTAQGCIDVVIGQLGGGIPGKGKC,1
AQVGTNKELCCLVYTSWQIPQKFIVDYSETSPQCPKPGVILLTKRGRQICADPNKKWVQKYISDLKLNA,1
VVENALVPMPQDSYLGNQFGLKRTQSLRNPRGYLRQPEL,0
YIEAGNKARRSIDLNHIEKIGRDIVNVFNSGGKLIVFGNGGSAADSQHFVAE,0
KPAWCWYTLAMCGAGYDSGTCDYMYSHCFGVKHSSGGGGSYHC,1
IKLSPETKDNLKKVLKGAIKGAIAVAKMV,1
GLQVKLGKALKNQHGYLAGQDDERLADLHEMFRDDEVKAVLCACGGFGTGRIA,0
FHDRGPETLKCLYDESEDNNNF,0
MFFSSKKCKTVSKTFRGPCVRNAN,1
VQESRPTVASTPKPKVEERKAQP,0
FLIDSNWIIRHQVV,0
QRGSRGQRCGPGEVFNQCGSACPRVCGRPPAQACTLQCVSGCFCRRGYIRTQRGGCIPERQCHQR,1
PPCRGIFCRRVGSSSAIARPGKTLSTFITV,1
VFAELGEPNFRDLEAEVIDFAL,0
QRKMEESEPTATTACKSKALPAVRAPLRGSVVAKQSS,0
ASDDANDSPTIEYNIKQFKTRRKVTGDVEVENSSSKLRDVSIGDNV,0
HGANAEDVFINVPLGTVVYDAITNEILADINIDQQKYLVAQGGLGGHGNTHFKSAF,0
KKSCHTGLKKSAGWVIPIGTLVKNGIIVR,1
IFKAIWSGIKSLF,1
CSCRTSSCRFGERLSGACRLNGRIYRLCC,1
ARLRAPLDAYFQVSRTQPDLPA,0
GTRCGETCFVLPCWSAKFGCYCQKGFCYRN,1
AIPWIWIWRLLRKG,1
IDVYEQMKREL,0
DYAGVYEAIRGYDWSQEAKDMVAAFSDLYTKRMFQLLLSAYSTITIHDL,0
MIGINDVWRQYDLPFM,0
PPPWNSTKRLAT,0
FLARYMDFIPTIDKIREDRKTT,0
MESAVLEKECERILKLIGGKSNQLIVWDR,0
FLPFLAKILTGVL,1
PISNPVARAHVR,0
LAHLEKRIALRKHAVLVVAEGAGQDLMV,0
LGVAGSEGALATVRRIALRREGEPEPPLQEVLEARPQGRLWAVRIEGVSDRTSAEAWVGAEVLA,0
GWLKKIGKKIERVGQHTRDATIQTIGVAQQAANVAATLKG,1
ARSYGNGVYCNNKKCWVNRGEATQSIIGGMISGWASGLAGM,1
DFGCGQGMIFMCQRRCMRLYPGSTGFCRGFRCMCDTHIPLRPPFMVG,1
GREQAVRKSEKERMREYQRE,0
KMHAFTEVRNINTYDEIWFLEHYPIFTQG,0
GKGLEVIKWKLKHVIQL,1
PKNNLQDAAVIEIVGHAKDHYVGQFITLPNGGYYIFVDDPLFYLNINLKDTTGLVNGHKILFKIISQ,0
SSIPPKWKSLIIMIPLKLGADKLNSTYIEKLKLLLKLPQSLGFIGGKPKQSFYFIGFQDDQVIYLDPHFVQE,0
FDLYCDQPWAFSPFFATMTKMQVSDALLPMEYFEDHSSRRSQMQQQVIRQESSIDPNKYILADFCNPFFNPSTLS,0
QNPIQNVEMSFVDAPEKNGIVTTYLRITAREK,0
HKLDEEDDDDDDDD,0
LILTRGMEGCLYAFPLPGWKRVEEQLEGLPLTDAGSRAFVRFFYSGASKARLDNQSRVSIPQTLRAFAGLDSDVIVAGAPGRLEFWNPQRW,0
RFRPPIRRPPIRPPFNPPFRPPVRPPFRPPFRPPFRPPIGPFP,1
FLRFIGSVIHGIGHLVHHIGVAL,1
LSIHLPLTDETRHLIGE,0
ETVFGVEACETWLKPLSLSLKNDILTVTLPN,0
GGAPATSANAAGAAAIVGALAGIPGGPLGVVVGAVSAGLTTGIGSTVGSGSASSSAGGGS,1
FLPIIGKLLSGLL,1
EFELDRICGYGTARCRKKCRSQEYRIGRCPNTYACCLRKWDESLLNRTKP,1
IRVHSAPRSGAPAAESKEIVRGYKWAEYHADIYDKVSGDMQKQGCDCECLGGGRISHQSQDKKIHVYGYSMAYGPAQH,0
AIKLVQSPNGNFAASFVLDGTKWIFKSKYYDSSKGYWVGIYEVWDRK,1
FFGRLKSVWSAVKHGWKAAKSR,1
AHSVQLITVNQDIEQLCCAHCAFLRY,0
ITSHSLCTPGCAKTGSFNSFCC,1
SQLEVKAMPTFLFLKDGNAMDKLVGANPDEIKKRVD,0
QGCKGPYTRPILRPYVRPVVSYNACTLSCRGITTTQARSCCTRLGRCCHVAKGYS,1
FKEISEAFEILNDPQKREIYDQYGLEAARSGGPSFGPGGPGGAGGAGGFPGGAGGFSGGHAFSNEDAFNIFSQFFGGS,0
LDVSLAVAWAFMGQIFRESDEMKFAKQAFDCARSIDPTLALPWAGSA,0
DHHHDHGHDDHEHEELTLEKIKEKIKDYADKTPVDQLTERVQAGRDYLLGKGARPSHLPARVDRHLSKLTAAEKQELADYLLTFLH,1
RKINYQIRLATLSDIDQIIRINRSALPENY,0
LNIDGKVECEAGVMDSESGLTASVACCNCCRHPSE,0
SESSNVTFLRNILDCLRDACYEIVGYGFNHSDEL,0
ALWKDILKNAGKAALNEINQLVNQ,1
DSFKKAHGRTKDTREQREDRKGIVGNEIAR,0
DTKAEVPLIMNSIKSFSDHAQCG,0
GFGCPNDYSCSNHCRDSIGCRGGYCKYQLICTCYGCKKRRSIQE,1
GWKDWLKKGKEWLKAKGPGIVKAALQAATQ,1
FTGLSTMADAVLIPERPASWDSVAKRVKEAYNERRWALVVVSEGIKEYGGPK,0
LLEDGTTEILDHVCNFRVMPRLRSWELYFRGDVWCPGWTVIKGESLTRSRTRVVNKAVADFAQKALAQGLITQEDAQPLLE,1
TKLIESMEKGMKTIVPRQLIAKKLSLGRFKGPIQYIIWKEMQAILSPGPSQLTLDPKTAH,0
LVLKYCPKIGYCSNTCSKTQIWATSHGCKMYCCLPASWKWK,1
EEPQRELPSARIRCPKGSKAYGSHCYALFLSPKSWTDADLACQKRPSGNLVSVLSGAEGSFVSSLVKSIGNSYSYVWIGLHDPTQGTEPNGEGWEWSSSDVMNYFAWERNPSTISSPGHCASLSRSTAFLRWKDYNCNVRLPYVCKFTD,1
GKPRPYSPRPTSHPRPIRV,1
CDECLSLRILVNEYNFSRSERRVVNKNINTKVILRTPNLSNEHLFLYDKYHRFMEEKKNW,0
HTLLVQLPERTVLLDAYSEHLAAALCTNPN,0
TKQLTMNKLPVVACFHFKRF,0
SLKFSSSTASIAWNVCTDAYKTYTMLKYPAHIVA,0
TSYRPEDKFKEVSVEKRPFMY,0
PSVRRRRVVSVTTNDMEGSYP,0
FLGGILNTITGLL,1
AVRLKWGGMEYRGILASVDSYMN,0
LSCKRGTCHFGRCPSHLIKGSCSGG,1
KNHSLAEKDIWEAEDFIDETWVTYPVPDDMLDL,0
IFGAILPLALGALKNLIK,1
AGWGSIFKHIFKAGKFIHGAIQAHND,1
QPFIPRPIDTCRLRNGICFPGICRRPYYWIGTCNNGIGSCCARGWRS,1
PSQQSLENFENTKKYSNELSPD,0
SFQRNLDFVASASGVGFGNSAG,0
KSLRPRCWIKIKFRCKSLKF,1
INWKGIAAMAKKLL,1
FLPLIAGLAANFLPKIFCAITKKC,1
VCTFQEYAGRCGDKYKLCQAELKELLQKELATWTPTEFRECDYNKFMSVLDT,0
QAAKKTLPVPPP,0
LLKANNTLLKMGYHFELPGP,0
VLKMDQRQMGSGVDH,0
KRTVGEEVTTDMR,0
LATLKQEIILPLPPIIRINRNQAAKELDNVLKERNIHILVVGMPSGGEAEHSDTQKRISHFISLLSFEGEICFVNEDYTSFNALQS,0
GWASSIGSILGKFAKGGAQAFLQPK,1
YCRKVLGGVTTYGANL,0
YVSCLFRGARCRVYSGRSCCFGYYCRRDFPGSIFGTCSRRNF,1
FLSTIWNGIKSLL,1
INWKKIFEKVKNLV,1
AQCGAQGGGATCPGGLCCSQWGWCGSTPKYCGAGCQSNCK,1
AETQNPSCFGVRRGKGK,0
LNILQDSNRTT,0
RADTQTYQPYNKDWIKEKIYVLLRRQAQQAGK,1
KSCCRSTTARNIYNGCRVPGTARPVCAKKSGCKIQEAKKCEPPYD,1
VILNNQPEFLSLAA,0
SVMGTVKDLLIGAGKSAAQSVLKSLSCKISNDC,1
DLTQCGFELSTIQAGQPTGPEAAPTNISLRAQFNPRWTIKNTRNTLP,0
SRWEKRLRFYMEDAL,0
FLPLVTGLLSGLL,1
FFRLLFHGVHHGGGYLNAA,1
FGLLETLASGRVQMGERLAWADYRSEVSVYAAQERVYLDRQH,0
IEAAILESHGIDVQSPGGHSNSDDVDGNDYSEQDDS,0
RPKPQQFFGLM,1
GSNFCDSKCKLRCSKAGLADRCLKYCGICCEECKCVPSGTYGNKHECPCYRDKKNSKGKSKCP,1
LIYKNVDKEFAKDGHAEGENIYTDYLVKE,0
VGEQLIAAYAH,0
FSKYERQKDKRPYSERKNQYTGPQFLYPPERIPPQKVIKWNEEGLPIYEIPGEGGHAEPAAA,1
QHATLLDNILKKYKKLEDAYDFVLCEGTDFLGKDAAFEFEL,0
DGIWTQLIFTLVKNLATLWQSGDFQFLDHECHYRIKPTFRRLKWKYKGKFWCPSWTSITGRATKSSRSGAVEHSVRNFVGQAKSSGLITQRQAEQFISQYN,1
AKKPVAKKAAGGVKKPKK,1
DGTLLHIAELATKY,0
GETDPNTQLLNDLGNNMAWGAALGAPGGLGSAALGAAGGALQTVGQGLIDHGPVNVFIPVLIGPSWNGSGSGYNSATSSSGSGS,1
YPYNSTSNVKRIPVSVHFTASQCREIASRGASISEWTTWTSLIAGFGKGTAFLGALTALYGYGVSKNLSVFLTAANRGTGLTISYTYVIPPYTNIGSFENTRISYY,1
RLFHLIPDGEITSIKINRADPSESLSIRLVGGSETPLVHIIIQHIYRDGVIARDGRLLPGDIILKVNGMDISNVPHNYAVRLLRQ,0
KITITECIYCGKDNKEVERNVKHMFSEHGLFIPERSYLIDLNGLLEFL,0
RSDSAVSIVHLKRAPFKVTVI,0
MNFLKNGIAKWMTGAELQAYKKKYGCLPWEKISC,1
NCFYVAEIDGRVVGYILGSMDWGNGHIISLAV,0
YTDIIRKQVLGTKVDAERDGVKVPTTL,0
MTTDFDLSLDNSPLLQSIH,0
EIAANSNTKEKEIKEDF,0
MGAIAKLVAKFGWPIVKKYYKQIMQFIGEGWAINKIIEWIKKHI,1
GAPKGCWTKSYPPQPCFGKK,1
LTANLGISSYAAKKVIDIINTGSAVATIIALVTAVVGGGLITAGIVATAKSLIKKYGAKYAAAW,1
GYGCPFNQYQCHSHCSGIRGYKGGYCKGTFKQTCKCY,1
AIFIFIRWLLKLGHHGRAPP,1
AVDFSSCARMDVPGLSKVAQGLCISSCKFQNCGTGHCEKRGGRPTCVCDRCGRGGGEWPSVPMPKGRSSRGRRHS,1
PQQPVIEEHAFKQT,0
LIEAARKNAEDD,0
EKFRKSAEHCDCLQCFFIIHS,0
PSCVCSGFETSGIHFC,1
FLPMLAGLAANFLPKIICKITKKC,1
GFGCPFNQGACHRHCRSIGRRGGYCAGLFKQTCTCYSR,1
TYDTVFKGFSVSLPENAVDALSAHP,0
ATSNVNCKASNALNVVRDL,0
AVQVTKLKDGLAMGLAFNHAVLDGTSTWHFMSSWAEICRGAQSISTQPFLDRSKARDTRVKLDLTAPKD,0
GKVWDWIKSAAKKIWSSEPVSQLKGQVLNAAKNYVAEKIGATPT,1
DLFNVNAGIISQLGDSIAECCDLSKVFVLVISN,0
KSGRTALMLACEIGSSNAVEALIKKGADLNLVDSLGYNALHYSKLSENAGIQSLLLSKISQDADLKT,0
GAFGNFLKGVAKKAGLKILSIAQCKLSGTC,1
KQEGRDHDKSKGHFHMIVIHHKGGQAHHG,1
FLGGLMKIIPAAFCAVTKKC,1
GLLSGILGAGKHIVCGLSGPCQSLNRKSSDVEYHLAKC,1
ATYYGNGLYCNKQKCWVDWNKASREIGKIIVNGWVQHGPWAPR,1
KKWKIVVIKWKK,1
RWCVYAYVRVRGVLVRYRRCW,1
IPVLCPVCTSLVGKLIDLVLGGAVDKVTDYLETLCAKADGLVETLCTKIVSYGIDKLIEKILEGGSAKLICGLIHAC,1
DSKGMIPSELDNLLSNWESTHPDLKFPKLIYMIPHGQNPTGILYDMERKEEIYKIACKFDLLIIEDDPHFFLQLDNEIVNGKRVLNKSFLSIDKEDRVIRLDTFSKFLSSGIRMGFVTTNSKLF,0
NLAKGKEESLDSDLYAELRCMCIKTTSGIHPKNIQSLEVIGKGTHCNQVEVIATLKDGRKICLDPDAPRIKKIVQKKLAGDES,1
SVSCLRNKGVCMPGKCAPKMKQIGTCGMPQVKCCKRK,1
LSLYDESGAVTVVKLLTSVKVKLFVQLSTPPLINVSNVE,0
GVLDILKGAAKDLAGHVATKVINKI,1
QYGRRCCNWGPGRRYCKRWC,1
VSTGSLHLDEALGTGGLPLGRIVELYGNE,0
FLGLLFHGVHHVGKWIHGLIHGHH,1
YDLSKNCRLRGGICYIGKCPRRFFRSGSCSRGNVCCLRFG,1
KIVVGETEEVLRIHLVHDLVNYPSLQYNIESKFDQVLSSQVEGGIRIFVDEWGHPNNNGITPVEKKPSV,0
EPNPDEFFGLM,1
HCVPVFRRGDKVFFAVSDPTQMPQIQKTVSAAGIAVELVIVEDDQLAGLLDWVGSRSTSLLQELGEGQE,0
AFLNTLKRNSLQRHKDRLASVKGP,0
TDNKNRKFIIKEKMEEYPVLVYMPNFGS,0
IGGALGNALNGLGTWANMMNGGGFVNQWQVYANKGKINQYRPY,1
GLFVGVLAKVAAHVVPAIAEHF,1
DPVTYIRNGGICQYRCIGLRHKIGTCGSPFKCCK,1
LGLKLGDRILLDAEKAGTLR,0
GQKEVFVAAKTYCPYCKATLSTLFQELNVPKSKALVLELDE,0
SILPTIVSFLSKFL,1
GMASKAGSVLGKLAKVAIGAL,1
GLLSGILGAGKHIVCGLTGCAKA,1
DCYEDWSRCTPGTSFLTGILWKDCHSRCKELGHRGGRCVDSPSKHCPGVLKNNKQCHCY,1
TAGPAIRASVKQCQKTLKATRLFTVSCKGKNGCK,1
GDVNWVDVGKTVATNGAGVIGGAFGAGLCGPVCAGAFAVGSSAAVAALYDAAGNSNSAKQKPEGLPPEAWNYAEGRMCNWSPNNLSDVCL,1
KIKIPWGKVKDFLVGGMKAV,1
GILSSIKGVAKGVAKNVAAQLLDTLKCKITGC,1
AENFSKKDMIITIGGGVVGDLGGFVAATYYRGIPYIQIPTT,0
ATCDLLSGIGVQHSACALHCVFRGNRGGYCTGKGICVCRN,1
YVPLPNVPQPGRRPFPTFPGQGPFNPKIKWPQGY,1
KKVWFIFHVCPKLKQRIL,1
HLKPPSQQARHREGV,0
CNNIFFFESRRREDLYLHIARAPNGPTV,0
GIVDFAKKVVGGIRNALGI,1
ELGFWDFEWRPTEKPVGR,0
LPRDTSRCVGYHGYCIRSKVCPKPFAAFGTCSWRQKTCCVDTTSDFHTCQDKGGHCVSPKIRCLEEQLGLCPLKRWTCCKEI,1
KKKSGVIPTVSHDCHMNSFQFVFTCCS,1
TSNHNTTKSISIYNLEVWGIIPSQSLATQSDGTGSPIEKQDAI,0
SLCTAVKAISSAVRKAGIAHLYGIAGSTNVTGDQVKKLDVLSNDLVMNMLKSSFATCVLVSEEDKHAIIVEPEKRGKYVVCFDPLDGSSNIDCLVSVGTIFGIYRKKSTDEPSE,0
PRIVEFPRWLWWFILNGIILNVR,0
FLPFLIPALTSLISSL,1
GLMDVFKGAAKNLLASALDKIRCKVTKC,1
GLLSRLRDFLSDRGRRLGEKIERIGQKIKDLSEFFQS,1
GLLLVEMGSKVTPEALH,0
KVPIGAIKKGGKIIKKGLGVLGAAGTAHEVYNHVRNRQ,1
PCHDSEASKLGAPAAGGEEEWGQQQRQLGKKK,0
KGSSSSSSSSRSSSSSYRSSGSSYRSPGSSYRSSGSYGTSGSRLSGIRPSSRSYRTGFRTAGSVGPATRPFTRPTGPLKPISRPPSRAACYSCYSASSATAIQCCTHYSLCCNLVKG,1
YQEPVLGPVRGPFPIIV,1
GIPCGESCVWIPCISSAIGCSCKSKVCYRN,1
NIGLFTSTCFSSQCFSSKCFTDTCFSSNCFTGRHQCGYTHGSC,1
SLWENFKNAGKQFILNILDKIRCRVAGGCRT,1
GVSKILHSAGKFGKAFLGEIMKS,1
DIDITGCSACKYAAGQVCTIGCSAAGGFICGLLGITIPVAGLSSLGFFVITCTTSADYYSIPDSNAAK,1
GFCRCLCRRGVCRCICTR,1
TSANMVSHLSSEDKKHLAVELAESKAKLR,0
INLLKIAKGIIKSL,1
GIMDTIKNAAKDVVQSLLNKASCKLAKTC,1
SSNFSKRPYVL,0
DYPHYTRPAEFRGYVVPQVLQDGNHAEIQRWRRRRALEKT,0
IYWIADQFGIHLATGTARKLLDAMASGASLGTAFAAILGVTLPAWALAAAGALGATAA,1
KTCENLADTFRGPCFATSNCDDHCKNKEHLLSGRCRDDFRCWCTRNC,1
RIVKNAFREDHRWEILT,0
EKQRCHIIARKQGYHGNTLFALSVGGMKPRKQPYEGVFSHTTSHVSPCFEYRYKENGETTEEYVARLAK,0
ARTESDFQKQEVESTEERFFLPG,0
VPSIRTGALKAMKKCYLSAHSNIPFKDLMKILAATSEDELVQCCKMHGLKI,0
TKLTEEEKNRLNFLKKISQRYQKFALPQYLK,1
QGHDVGFCCLGTTRGKAGAEGFVRV,0
VGGPLGHSDKIYNKADYILSLSKMTFTHEFA,0
VWLSALKFIGKHLAKHQLSKL,1
SFLSTFKELAINAAKNAGQSILHTLSCKLDKTC,1
RVPPVRIKQTCNIPVSSGLGSSAA,0
DSSIKVFNIQDITIK,0
AKKVFKRLEKLFSKIQNDK,1
SDKPDVKEVESFDKSKLKKVETQEKNPLPTKETIEQEKKG,1
MKLVNNKKSEKMHLLIMDNFPRDSLTVYEISHLLMVDSNGNTLMDFDVYF,0
GLLGLLGSVVSHVLPAITQHL,1
MAGLLRFLLSKGRALYNWAKSHVGKVWEWLKSGATYEQIKEWIENALGWR,1
ADKTEEVKENPKSSSSDAPA,0
ENFGNEFISTLLNKKTQDFK,0
GLMSSIGKALGGLIVDVLKPKTPAS,1
GFLDIVKGVGKVALGAVSKLF,1
TKCRTIASLLTAAPNPHSKGVLMFKKRRQRAKKY,0
GICRCLCRRGVCRCICVL,1
GLSPDILRAVAEQGYREPTPIQQQAIPAVLEGRDLMASAQTGT,0
GCFEDWSRCSPSTSRGTGVLWRDCDSYCKVCFKADRGECFDSPSLNCPQRLPNNKQCRCINARTAKDNRNPTCWA,1
GFFALIPKIISSPLFKTLLSAVGSALSSSGEQE,1
EEEARKILQKQSGN,0
GRAIHGSVEAVKRLMDSGLMLRFCTNETQNTRERFVQKLRVMG,0
SQNMGIGKNGDLPWP,0
NTIEDTQDIPQEIAYSGKVSMSKEDIMKSIGELF,0
FLSGLIGGLAKMLGK,1
GSAIRCGESCLLGKCYTPGCTCDRPICKKN,1
MLSIEQCPNNKAVTIFVRGGNKMIIDEAKRA,0
GLLCYCRKGHCKRGERVRGTCGIRFLYCCPRR,1
FIRWRFRWWRWRR,1
FLPLAVSLAANFLPKLFCKITKKC,1
LCCEGIWPVIGEVTDVT,0
IAVEFASIWKGMGAHVDLFYRKELP,0
DFGCARGMIFVCMRRCARMYPGSTGYCQGFRCMCDTMIPIRRPPFIMG,1
RIGVLLARLPKLFSLFKLMGKKV,1
TGRIIYEACSCITTMLSR,0
LGLDSAVEWVLR,0
TAAAKDIITLHGSAAIVSEFFCY,0
YPPKPESPGEDASPEEMNKYLTALRHYINLVTRQRY,1
GPDIQYFSNDFVIDTQKQIIRFGFKTIKGFGD,0
KDTAGGVMGGTLYMLGSYLNSLLVDLELETGR,0
LEDFLLNLGRKHQAVGVNTQSFALVGESLLYM,0
LQDAALGWGRRCPQCPRCPSCPSCPRCPRCPRCKCNPK,1
GIGGKILSGLKTALKGAAKELASTYLH,1
LVDLKNFDSARPAGQNKPLTHDEEMQIEINKQQALLRKNTSVKLVSQDSASPL,0
ANCSVEEAVSLGASAVGYTIYPGSGFE,0
SIRRQLENVFPVTAQHVSTVEPGEGSKSLSVYQRLLEEG,0
SDEKASPDKHHRFSLSRYAKLANRLANPKLLETFLSKWIGDRGNRSV,1
GFVDFLKKVAGTIANVVT,1
NELLEMESSVLNYLKFELTTPTAKCFLRRFLRAAQGRKEVPSLLSEC,0
YSRCQLQGFNCVVRSYGLPTIPCCRGLTCRSYFPGSTYGRCQRY,1
FLSLLPSIVSGAVSLAKKL,1
GVWDWLKKTAKNVWNSDIVKQLKGKAINAAKNYVAEKIGATPS,1
VIDTAGHEPDEVTDLLAAALGPLLA,0
FQTSEAILPMASSCCTEVSHHVSGRLLERVSSCSIQRADGDCDLAAVILHVKRRRICISPHNRTLKQWMRASEVKKNGRENVCSGKKQPSRKDRKGHTTRKHRTRGTHRHEASR,1
GLFGKLIKKFGRKAISYAVKKARGKH,1
LLGSPQAAEAEGVIGECWRTERTVYFPGSTQRVLWIGQR,0
KRFWQLVPLAIKIYRAWKRR,1
EASTIQIPFQIHQDIRVIVIGASTGGPQ,0
RVKRFWPLVPVAINTVAAGINLYKAIRRK,1
LNLKGIFKKVASLLT,1
EFRGSIVIQGTKEGKSRPSLDIDYKQRVYDKNGMTGDAYGGLNIRPGQPSRQHAGFEFGKEYKNGFIKGQSEVQRGPGGRLSPYFGINGGFRF,1
ASGRDIAMAIGTLSGQFVAGGIGAAAGGVAGGAIYDYASTHKPNPAMSPSGLGGTIKQKPEGIPSEAWNYAAGRLCNWSPNNLSDVCL,1
GVNMYIRQIYDTCWKLKGHCRNVCGKKEIFHIFCGTQFLCCIERKEMPVLFVK,1
KWKLFKKIPKFLHLAKKF,1
QPEPAAVQATTTHHVQDAEDMTTEVDTVVSERLEKFRNMSRTKPDTK,0
FDYDENLNKNISPF,0
GFGCPNDYPCHRHCKSIPGRAGGYCGGAHRLRCTCYR,1
LAGNPLYNDYKENNATSEYRIEVVKRLPNLKKLDGMPVDVDERE,0
ECWMDGHCRLLCKDGEDSIIRCRNRKRCC,1
GTTVAATMILARAAGIDVFATGG,0
FEDAALIPSGQKAAFLKATDTLLSAVTECWRTDFATLRLHGDCHAGNILWRDGPLFVDLDDARNGPAIQDLWMLLNGDKAEQRMQLET,0
FFVLKFLLKWAGKVGLEHLACKFKNWC,1
VGRKHSILNCIPYLKKKKIMRL,1
IRTFKPINNQRNFLGTLL,0
TGYVGTVMDSTTVMYNDPGLTNANLKIILADIDMSKPENQNPQQQLDDGEYIENFPI,0
GNQEKALKASRYLLKSGFHVMAIRPPT,0
QQREFREGVNSLQYGSFDMPTQGTEKIAFSRR,0
GILDTLKQFAKGVGKDLVKGAAQGVLSTVSCKLAKTC,1
LRDLVCYCRTRGCKRRERMNGTCRKGHLMYTLCCR,1
MLIGVDACNDPARVYHAYN,0
VNPIILGVLPKFVCLITKKC,1
QRIKREFKEVLKSEETSKNQIKVDLVDENFTELRGEIAGPPDTPYEGGRYQLEIKIPETYPFNPPKVRFITKIWHPNISSVTGAICLDILKDQWAAAMTLRTVLLSLQALLAAAEPDDPQDAVVANQYKQNPEMFKQTARLWAHVYAGAPVSSPEYTK,0
GEPMPGDDDEDIVMTSTQCPLLNMTCPL,0
FFSRPDLVYVPYGERAWGDYG,0
QPDAHFVPPTVTEEGIVWPEGPRPPSRDY,0
VFKPKKVLPPPPTTKSKGAA,0
GLLQTIKEKLESLESLAKGIVSGIQA,1
DSPVGLAGYLFSKDISRVFRVGEA,0
FLPPSPWKETFRTS,1
DALASCHMNYGTSVVVGVPPSAK,0
GIWGTALKWGVKLLPKLVGMAQTKKQ,1
RTNLMVGLIRDGQFH,0
WKSESLCTPGCVTGALQTCFLQTLTCNCKISK,1
TAVILDPVMATGGTANAVITTLQEWGCKNIIFVSVL,0
ESQSKPGDFVLSVRTDD,0
VYLETKHFVEVVLIDVSKPLLSFPRENFLFLITLGGDGT,0
FISAIASMLGKFL,1
LRVSQDLLLSAHSTLQLARARGQEGPGDVDRAAQGERVKGVGASEGGEEEEEEEETEEVAEAAGGSGRARWARGGQAG,0
GFGCPLDQMQCHRHCQTITGRSGGYCSGPLKLTCTCYR,1
SSDPPTSASQVAGTTGIAHRDLKPENILCESPEKVSPVKICDFDLGSGMKLNNSCTPITTPELTTPCGSAE,0
TSSLIPTQTTITAGMGMLPFFPNQHIAGQAGPGHSNTQEKQPATVGMAEGNFSGS,0
INWLKLGKMVIDAL,1
QGGIASCCRRHSKTQINREHLTHYYEQHRPPCPIKAVVFYVIGGARICADPNKVWTKTSKAFLDGVHYQRQHTSSKVSF,1
SPPQAYSSSSATTTFSNPFIKTTELPATSPYVSPQQ,0
SKTRSQEQAKEYSNTW,0
GIHKATNVLSFSYEKLSPGCCLGEIYLSMERIAEESLEMDVAVRSH,0
LCTGFRWTHDSKYY,0
FISAIASFLGKFL,1
FLPIIAGIAAKVFPKIFCAISKKC,1
LQEFNARRKLKAAVKAVVASSRLGSASSSHTNIQESNKASSEAQPAQDGKDKTDPLENKMQAGDHE,0
GIMSIVKDVAKNAAKEAAKGALSTLSCKLAKTC,1
LEELEIEKVLIAEEIKMISPKYHQK,0
GIKCRFCCGCCTPGICGVCCRF,1
FEKLLEKAHVPVMFYNIPSR,0
KSPYRSPYRSPYKSPSKRYSYNQSPTKSPYGRRS,0
KRFKKFFKKLKNSVKKRVKKFFRKPRVIGVTFPF,1
FLSTLWNAAKSIF,1
GVWSTILGGLKKFAKGGLDAIVNPK,1
FANLTTETKTTDSSAVSTASQLSYHQLEEHINKWTLEFEEQEKVFTE,0
ATYDGKCYKKDNICKYKAQSGKTAICKCYVKVCPRDGAKCEFDSYKGKCYC,1
KKIAELDKQIDHD,0
RSDNSPLPERKLVTLIQESYDSLKDDNEINLSTESTSNLLIK,0
FFATLPERELRSGFAEMIKHALISDLTLLRALMDTFTEPKD,0
GFGCPNNYACHQHCKSIRGYCGGYCAGWFRLRCTCYRCG,1
LVSKQINDEYKNSLDKLAKTQILKEIENFKVDEIPENLIEEEVKILSQ,0
WYVRKCANKLGTCRKTCRKGEYQTDPATGKCSIGKLCCILDLKLAGQCGGADGNQAAAGTQAAGGTRAAGGTQGTGGTGATGAAATTAAP,1
SALPIGGFSFSNGLESAIQQNLVHDKE,0
FLSGIVGMLGKLF,1
RQWEEELGPDYY,0
GLWNTIKEAGKKFAINVLDKIRCGIAGGCKT,1
PHLNKKSNVWNIKVMDD,0
GILDPIKAFAKAAG,1
DLRFWNPREKLPLPTLPPFNPKPIYIDMGNRY,1
SLFSLIKAGAKFLGKNLLKQGACYAACKASKQC,1
GILDKLKEFGISAARGVAQSLLNTTASCKLAKTC,1
GMKKEQLLELPEQQEQHLKHLEQQEGQLELPEQQEGQ,0
RISKKKGKGSWIKNGLIKGIKGLGKEISLDVIRTGIDIAGCKIKGEC,1
NITWYSERVLTEISLGSLLILVVIR,0
FIPGLRRLFATVVPTVVCAINKLPPG,1
AAEFPDFYDSEEQMGPHQEAEDEKDRADQRVLTEEEKKELENLAAMDLELQKIAEKFSQR,1
LVAYQHIAAGWRQRFTIPIIGVTGS,0
RTLSKTSTGPTQDKQRRVVRKAFRKLAKINR,0
KYKAKIVFAAGNFWGRTLSAISSSTDPTSYDGFGPFMPGFDIIPYNDLPALE,0
VLSAADKNNVKGIFTKIAGHAEEYGAETLERMFTTYPPTKTY,1
FIPLVSGLFSRLL,1
ENFFKEIERAGQRIRDAIISAAPAVETLAQAQKIIKGGD,1
DRGQICFDEENEARAAAVMEQESFRITCDLGIGE,0
GKNPTLQCMGNRGFCRPSCKKGEQAYFYCRTYQICCLQSHVRISLTGVEDNTNWSYEKHWPRIP,1
ALQLLYSTNTYQFTFDTLPAEKEFQIPKALEATESLFQSLALTFPKLMKLSEDEKIGLW,0
FMGSALRIAAKVLPAALCQIFKKC,1
LELCYRSPGESQLFSEIDIGHMDSEIKLQIKDKRH,0
SIWEGIKNAGKGFLVSILDKVRCKVAGGCNP,1
AGRMGRRVVALGLADPNFQLVGAIDHAKSDHLGQDSGAVAGEAPSGIEISSHWPVLDDAATNQAVIDF,0
ATLTAARSITKGKIIGIIEPFRF,0
HPHVCTSYYCSKFCGTAGCTRYGCRNLHRGKLCFCLHCSR,1
LQDAALGWGRRCPRCPRCPNCRRCPRCPTCPSCNCNPK,1
GFFKKAWRKVKHAGRRVLDTAKGVGRHYVNNWLNRYR,1
TKQVIPRVVAYGQVCDAI,0
FLPFLASLLTKVL,1
IWSFLIKAATKLLPSLFGGGKKDS,1
TEVLMGRELTKAFEEVVYYANPRELANNPPNAKGEFVFLLNHRK,0
GLLDSVKEGLKKVAGQLLDTLKCKISGCTPA,1
NRSTPSVQDYVKEELAKGESYEFNEP,0
AQILAQNLELLNLAKAEVQTVRETLENLKKIEEEKPEILVPI,0
QLKVDLWGTRSGIQPEQHSSGKSDVRRWRSRY,1
ACAHEETLMVSKLNSYELINLKSS,0
IRVGIGRPEFSSQVKDYVLEEFNTQELA,0
FLNALKNFAKTAGKRLKSLLN,1
KRGPNCVGNFLGGLFAGAAAGVPLGPAGIVGGANLGMVGGALTCL,1
AFSRLAQSRTN,0
GIMDSVKGLAKNLAGKLLDSLKCKITGC,1
AEVAPAPAAAAPAKAPKKKAAAKPKKAGPS,1
GLFPKFNKKKVKTGIFDIIKTVGKEAGMDVLRTGIDVIGCKIKGEC,1
RCVCRRGVCRCVCTRGFC,1
DFKDWMKTAGEWLKKKGPGILKAAMAAAT,1
MQQRGLAIVALAVCAALHASEAILPIASSCCTEVSHHISRRLLERVNMCRIQRADGDCDLAAVILHVKRRRICVSPHNHTVKQWMKVQAAKKNGKGNVCHRKKHHGKRNSNRAHQGKHETYGHKTPY,1
LLRPSLVFLLAEAAISPEELKVALPKKLMNCKYLFMPINDLDKHAAGSG,0
EMWNRKFFNPRKTHVYFINSDEVAEQRAVSIKAYQQGKGTKGLFSKFNAQREWKKQ,0
NCFTYWIINCILEKKNTKARTAVISFFIQ,0
NRWYCNSAAGGVGGAAGCVLAGYVGEAKENIAGEVRKGWGMAGGFTHNKACKSFPGSGWASG,1
EKNLKVKGPVRMPTKTLRITTRKTPCGEGSKTWDRFQMRIHKR,0
GILDFAKTVVGGIRNALGI,1
SVLGTVKDLLIGAGKSAAQSVLTALSCKLSNSC,1
GLGSILGKILNVAGKVGKTIGKVADAVGNKE,1
GNFYGSPMAPVSQAIEAGHD,0
QYQEVTDTKMLHLEDRVQGMEESQQEM,0
GDPLADPNSQIVRQIMSNAAWGAAFGARGGLGGMAVGAAGGVTQTVLQGAAAHMPVNVPIPKVPMGPSWNGSKG,1
FLPAVLKVAAHILPTAICAISRRC,1
HLGMLEELKKQQADDLQWY,0
GEVAKKDAPSSRSSCPKGSRAYGSYCYALFSVSKNWYDADMACQKRPSGHLVSVLSGAEASFLSSMIKSSGNSGQYVWIGLHDPTLGYEPNRGGWEWSNADVMNYINWETNPSSSSGNHCGTLSRASGFLKWRENYCNLELPYVCKFKA,1
VRFQPDHVLEDLCRLYGLDVVRESAPFNPE,0
SYVGDCGSNGGSCVSSYCPYGNRLNYFCPLGRTCCRRSY,1
GDFHELFLANDAVSPHESAHQDAAALERMKARLSRLNIDVSAKYQQPVDHLGVE,0
GHLGRPYIGGGGGFNRGGGFHRGGGFHRGGGFHSGGGFHRGGGFHSGGSFGYR,1
DKNPGLRTIVNKLDTIHAQFRYFDMEVIA,0
RTKRRIKLIKNGVKKVKDILKNNNIIILPGSNEK,1
FLPILAGLAAKIVPKLFCLATKKC,1
DQYKCLQHGGFCLRSSCPSNTKLQGTCKPDKPNCCKS,1
DDGYVFEIEKFVF,0
LDKDYNFEIPHKNLITILKSSVDCSDKFANALKLI,0
IIYLFSQNNRIRFSKLLLKILFYISIFSYPELM,0
GFGCPGNQLKCNNHCKSISCRAGYCDAATLWLRCTCTDCNGKK,1
GLLNTFKDWAISIAKGAGKGVLTTLSCKLDKSC,1
FKKKKRNIGTFVFFAIALFCTVMFAYLLLTNQYVPIDYNVPRYA,1
FFGWLIKGAIHAGKAIHGLIHRRRH,1
IDWLKLGKMVMDVL,1
GYHGGHGGHGGGYNGGGGHGGHGGGYNGGGHHGGGGHG,1
KQDDFSFKYWTIKVQRGSILKSHE,0
KLLNVPMEYLTAA,0
LLDFTNSSYDPIWDSIREEAKLEAEEEPVLSSFLYASILSHDCLEQ,0
LKLSPKTKDTLKKVLKGAIKGAIAIASMA,1
RRTCHCRSRCLRRESNSGSCNINGRIFSLCCR,1
YNEHNELNEDLVDGINYKIQGDLVISFEYL,0
GLLDFAKHVIGIASKL,1
GNIIEYFLQQKLGA,0
RYAAEFTDSFEKEEKTMTVFSLMP,0
VTCYCRRTRCGFRERLSGACGYRGRIYRLCCR,1
IVIEMYQRGELQ,0
DHDFVRFLKRWEILGGELGEQGTGGF,0
ACQCPDAISGWTHTDYQCHGLENKMYRHVYAICMNGTQVYCRTEWGSSC,1
FPMFKRGRCLCIGPGVKAVKVADIEKASIMYPSNNCDKIEVIITLKENKGQRCLNPKSKQARLIIKKVERKNF,1
DVQFLSYKEKTNEIFFTI,0
RKEEECQAGAAE,0
RQRVEELSKFSKKGAAARRRK,1
RFNIRAGFFWDGIDRSNGFEDLIVRKRN,0
GGHSFLFLKEFPNSRIILCDRDPIMLSRALTRLSDFSERVVSIQ,0
LVFSNGEPSLLFALSSCELVIFQVTYDLMFLDEPNTPGCLSAIPLRFLYADDVYNSDSFANVSVHPT,0
RERSKGSKYLYVG,1
FLHHIVGLIHHGLSLFGDRAD,1
GIGGALLSVGKLALKGLANVLADKFAN,1
GFGSVLGKALKFGANLL,1
KRFKKFFKKVKKSVKKRLKKIFKKPMVIGVTIPF,1
NRWWQGVVPTVSYECRMNSWQHVFTCC,1
FLSSIGKILGNLL,1
GRPNPVNNKPTPHPRL,1
SVRTQDNAVNRQIFGSNGPYRDFQLSDCYLPLETNPYCNEWQFAYHWNNALMDCERAIYHGCNRTRNNFITLTACKNQAGPICNRRRH,1
EVAIGLNGKIWVKC,0
KGLSEQEAERLALDKTYFATMLVHLGY,0
INWLKLGKKILGAL,1
PSPKGQDTCALLLSFIHAEFARAGL,0
QIYVSGGFNGDMILASVEVYNPIGNVFSRTVDLPYPITGHCL,0
CRFCCRCCPRMRGCGLCCRF,1
VTCFCKRPVCDSGETQIGYCRLGNTFYRLCCRQ,1
QKYKEEKQLQKLKEQREKAKRGIFKVGRYRPDMPCFLLSNQNAVKAEPKKAIPSSVRITRSKAKDQMEQTKIDNESDV,0
KVPVGAIKKGGKAIKTGLGVVGAAGTAHEVYSHIRNRH,1
LGFEIPYQSIYLHALDDTGMLYLQIENN,0
ISSKPGQGSIFTMSLPLTL,0
VLKRAKSIVSSNSLSAFFTDSKSKQQQQQQQRDR,0
SSNQITELSLC,0
FLPLILPSIVTALSSFLKQG,1
LVESASVVVLGGGVIGLEVASAAVGLGKRVTVIEATPRVMARVVTPAAANLVRARLEAEGIEFK,0
KWKVFKKIEKMGRNIRNGIVKAGPAIAVLGEAKAILS,1
TCRYWCKTPENQTYCCEDEREIPSKVGLKPGKCPPVRPVCPPTRGFFEPPKTCSNDGSCYGADKCCFDRCLGEHVCKPIQTRG,1
NILNTTATQNTEEHQRYGHYVFTLSHMFLKSRSF,0
SFLSTFKKLAIDAAKNAGQSVLHTLTCKLDNQC,1
EHVHGSSPYAASSPAY,0
RILPGLLTSSSHHSLTCKVFLSLLGFIAKQINDKS,0
GYYCPFRQDKCHRHCRSFGRKAGYCGNFLKRTCICVKK,1
ISVIPVAQAQGIQLPGQPTAVQTQPAGAAGQPIG,0
RTCHALQEDEKLVKKAEKQVTLALQRQRNLHEHKVSLVENHLAGLEGRA,0
IFGAIWNGIKSLF,1
TLGDKADEFKRWDENSSAGSSQEGDIDDVVAGSTNNQKVIYV,0
LQDAALGWGRRCPRCPRCPRCSWCPRCPTCPRCNCNPK,1
PLIQGTNSEWALPK,0
FIGTALGIASAIPAIVKLFK,1
LIDCQLTVTTICP,0
GFLGPLLKLAAKGVAKVIPHLIPSRQQ,1
HGCQRVLDVACGTGVDSIML,0
GLWSKIKEAAKAAGKAALNAVTGLVNQGDQPS,1
GLFDIAKKVIGVIGSL,1
ATNGSALAFLSLVANSL,0
ILMFAEFDSFIFVDY,0
LSQFLEAYRELEGYKNGRAIKVDGQTLSIAAVAAAARYNAAVELDESPLVKER,0
VNWKKILGKIIKVVK,1
GIGKFLHSAKKFGKAFVGEIMNS,1
SSFSPPRGPPGWGPPCVQQPCPKCPYDDYKCPTCDKFPECEECPHISIGCECGYFSCECPKPVCEPCESPIAELIKKGGYKG,1
IPAMEPAARVKRSPGYGGCSPRWACGGYG,1
NDPHGIQREDLILSLRAVLASTPRFAEFLLPLLIEKVDSEVLSAKLDSL,0
GTVLLAPVGTSFDQFRD,0
NLCERASLTWTGNCGNTGHCDTQCRNWESAKHGACHKRGNWKCFCYFDC,1
FASGKGNRVILFGSRTGLDGIGGVSVLASDTFEEGAERKLPAVQVG,0
GLVSSIGKALGGLLADVVKTKEQPA,1
SQLTEATRKLQARSAKGALTVSLLPSFAIHWLVPRL,0
ACYCRIPACIAGERRYGTCIYQGRLWAFCC,1
ACDTATCVTHRLAGLLSRSGGVVKNNFVPTNVGSKAF,1
FFGTALKIAANVLPTAICKILKKC,1
KYYGNGLSCSKKGCTVNWGQAFSCGVNRVATAGHHKC,1
SSERKNGSACWQKINQWLRTIEKVDQWVGDPKNIENSLLCENWSKFMDIVDRYHKWLISQEQGIEQVNKNLIFCHNDAQYGNLLFTAPVMNTP,0
FKTWKRPPFQTSCWGIIKE,1
SAVDQLVEIIKV,0
GMATKAGTALGKVAKAVIGAAL,1
AEFNIYVDPHAAQMVLSSGIPIVMMPLDI,0
IKDLDDFGEEELF,0
EPHWSQFDRLLLIKGPKWVDERGEAR,0
IVQKAGNFPLMQFKTKVKVNPKFLLKGDDMDIVDEAITYYKANVFYKN,0
FLPLLASLFSRLL,1
LGSDFTHLEFPRRVTKREIGKRMLYRDFTMNGWAYKTVQEEDLKFPLIYG,0
EEQSFTAEVVGYESEAQMQELLKEKKCSTLNYRQTKKESGDREKIADKNNLDDSLAPHPLHICLTIGAAGSNQ,0
DELKTRAPNWGEGLSSLNVHIEEHAYGSRTHSVVLVD,0
AVIDLELPSMLTINGPVELELRLKLNDTKGFLSAQILDF,0
FLGAIAAALPHVINAVTNAL,1
FLGALAKIISGIF,1
SIPCGESCVFIPCTVTALLGCSCKSKVCYKN,1
ILGTILGLLKGL,1
FLFPLITSFLSKVL,1
YRITRGDMFYVSAHDRHSYESVHELELDNILYIRNRLTLSADWQT,0
GTGLPMSERRKIMLMMR,1
CMSYGGSCQRSCNGGFRLGGHCGHPKIRCCRRK,1
FALGAVTKLLPSLLCMITRKC,1
PKQPSRSSRSSLAATSGIDRIMAAALESRSYQRPQQRFANPPYVPMRQFRS,0
ADRGWIKTLTKDCPNVISSICAGTIITACKNCA,1
DRHTPSSASSRASETGTTSPQSMRNQIS,0
EPHPNEFVGLM,1
FLPGLECVSGLKIVPTVFCAITRIC,1
GFKIARKKMADKIVSVFITTKNKDELKKRLIKRN,0
TATQSASGISQGILYAMFKHWGQDGYLEWLKHIRYSYTLR,0
GLRSKIWLWVLLMIWQESNKFKKM,1
GGEQMSSLEFANLLENWRDGGVRE,0
GSCSCSGTISPYGLRTCRATKTKPSHPTTKETHPQTLPT,1
ASHLGHHALDHLLK,1
LLRSPHTTAPIRSLWFRTKSPV,0
EINSLTARKFIG,0
ACTETIRAGSDRLKDVMSTLGVNVLDGREVQAHAGLDAFSNV,0
DLLDNSRMSCQDEGCGLESEQSCSMWME,0
GLKEVAHSAKKFAKGFISGLTGS,1
KFPEKPVHLVIMTHGIFSNI,0
GDTASAMLEVLDSEQNCNFVDHYVEIPVDLSEVMFIATANTTQTIPKPLLDRMEIIEVSSYTENEKFHIAKNHL,0
ALSLELQEVEPLGLPQASPSRTRSPDVI,0
GFIFHIIKGLFHAGKMIHGLV,1
GALQFIPGDAVEVS,0
GLFGKSSVVGRKYYVDLAGCAKA,1
EELRCAACETMTEIVNKKMKPLE,0
FLPVIAGLLSKLF,1
RWRFLRKISSVHMFSVKALDDFRQL,1
PPKVGSSDVSSTREDAR,0
KGAPCAKKPCCGPLGHYKVDCSTIPDYPCCSKYGFCGSGPQYCG,1
ERLQENLQAYRTFQGMLTKLLEDQ,0
TVARRVAAVKSFFAFLTGSG,0
AMWKDVLKKIGTVALHAGKAALGAVADTISQ,1
LIDNELEYYFQLNSSREKKRYLASVFACKEAVMKA,0
AETGSGKTLAFLIPVLNYILSIDENYLKYEKISNEPVGLILAPTRELALQIT,0
KNIVHGGFITTMLDEALAF,0
DRRRSSIHDITSVT,0
ECIPTKHDCTNDRKNCCPGHECKCYNTQIGGSKKEQCGCKKSLLAKAKNFGGKVITIFKA,1
VDKPDYRPRPWPRNMI,1
ELRSKINIYKEADAANILQQRIKK,0
TSRCYIGYRRKVVCS,1
QYEALTAAILTKLSKMWHSDTLNFLGHTCHVSRTPTVKRFKLYWKGKFWCPGWAPFSGTSRTKSRSGSAREATKSFVDQALQRRLITQQEADLWLKG,1
MAGFLKVVQLLAKYGSKAVQWAWANKGKILDWLNAGQAIDWVVSKIKQILGIK,1
LGGNEPRLVSAAVEQLNTLPFYHSFWNRTTK,0
NGNLLGGLLRPVLGVVKGLTGGLGKK,1
RWGKWFKKATHVGKHVGKAALTAYL,1
KSCCKSTLGRNCYNLCRARGAQKLCANVCRCKLTSGLSCPKDFPK,1
GLMDTVKNVAKNLAGHMLDKLKCKITGC,1
KKLSDSERQQIERYYFDMDAKMALASILIKRHLVSTALECSPNEVQISVTKAGRPYCQSAHCPPIIFDFN,0
ALQEEMTATRRQADKMQALNLRLKEEQARKERELLKEMAKKDAALSKVRRRKDAEIASERE,0
VARLAGHPLLKKKIDVLKDAVQAFKDARQSAPA,0
TQAYRIITQFFTDDDAGEKESHENAD,0
LLRHVVKILEKYL,1
YNNKDCPKYFTDQLDESTLQLLDGLRDFIAELQERLKNDENASLDKERLTSVGKIFNACDSLSNCSKAGPYGILANIL,0
RNGCIVDPRCPYQQCRRPLYCRRR,1
IIKPNAIKNNALGTIIHRFISANFNIIG,0
ILGKLLSTAAGLLSNL,1
VIAQEAEEILQDENAQVEIVKKSLSSEFDIRQSFKENWVVKSNFNN,0
AIVKREENASQNWQRFY,0
PQLQLSPPKGAFSTYIQKHR,0
RRWCFRVCYRGFCYRKCR,1
ASFPWSCPSLSGVCRKVCLPTELFFGPLGCGKGFLCGVSHFL,1
DVFNKLMSFQKKL,0
TITLSTCAILSKPLGNNGYLCTVTKECMPSSCN,1
AQRCGDQARGAKCPNCLCCGKYGFCGSGDAYCGAGSCQSQCRGCR,1
WHNFGADYDTTLMAWYERFLAAWPEIAD,0
FLPIIGQLLSGLL,1
GLRDKIKNVAIDVAKGAGTGVLKALLCQLDKSC,1
GSHRDQASGCYSLLMVRGEHLDWL,0
EQSNETGLEAQENDKNDEDNDEDEDL,0
GFLGPLLKLGLKGAAKLLPQLLPSRQQ,1
ISKLNPEVDELRQNVAREIDIARGP,0
DASSDYSFLRVKPHVEDFFQTLSDYTLNF,0
VFHAYSARGNYYGNCPANWPSCRNNYKSAGGK,1
GLRKRLRKFRNKIKEKLKKIGQKIQGFVPKLAPRTDY,1
GLLDTFKNLALNAAKSAGVSVLNSLSCKLSKTC,1
QYEALVASILGKLSGLWHSDTVDFMGHTCHIRRRPKFRKFKLYHEGKFWCPGWTHLEGNSRTKSRSGSARDAIKDFVYKALQNKLITENNAAAWLKG,1
GFLDSFKNAMIGVAKSVGKTALSTLACKIDKSC,1
ASVVTELRCQCLQTLQGIHLKNIQSVNVRSPGPHCAQTEVIATLKNGKKACLNPASPMVQKIIEKILNKGSTN,1
DQLIQHELEKKLNWDDV,0
LILLKEKDYNDNNDKKEYF,0
LGHLLHSFRNDEGVYNMLKSLLSPLCQRVFASLEEL,0
YENPYGCPTDEGKCFDRCNDSEFEGGYCGGSYRATCVCYRT,1
DQVQVHPTGFIDPNDRENNW,0
VLLLEDVHFLQGKEKMQDEVLATVKALQSRGSRIVFSSSFAARDLKNVDNQLVSRFCSGF,0
ARNAGDTPIVGVNLGEVGFLNAVPPEAAEEAVVSEVEAFDRGEMNVREAPRLAARTDEWTSVPAANEVVIQGARRGPGAGIDYEVRVDGSRYAGGHADGVLVATPTGSTAYNLSEGGPLVH,0
PAQIRKHMQEKIADRISKGQFRFPSAGSAFKNNPAFGKPSGILIEEAGLRGTSCGAAQVAPWHGNLIINTGNATAHQVRTLL,0
MHDFWVLWVLLEYIYNSACSVLSATSSVSSRVLNRSLQVKVVKITN,1
IKSYVQGFEMLLNQTINILESYGLIIIRPEIGDTFNPEVHNAVELR,0
LTAEDKKLIQQAWEKAASHQEEFGAEALTRMFTTYPQTKTY,1
IVVPQEFRAAVSGPFDGIFCFPSIEADCLEAGGKALFDRYQAVI,0
THTGYFTRNSALKTKVEKAAAESGEWVWNMPLTDFHVKDMKGTYA,0
GLKKLLGKLLKKLGKLLLK,1
ETSTFMISKWGRKDEEIAQFDQIVSTVKAM,0
GCMTSNHKDELKPWMSHIHY,0
PDDEAKTLCRACPRRWLCARDAVESAGAEGLWAGVVIPESGRARAFALGQLRSLAERN,0
NNLFEVGSYIECKSIGNGNVFEPKCKILKNTIIKDQCSIGAGCIVSEDKICENNTIIAQTQNSQIQTTSTLPYDH,0
SGEKKCWNRSGHCRKQCKDGEAVKDTCKNLRACCIPSNEDHRRVPATSPTPLSDSTPGIIDDILTVRFTTDYFEVSSKKDMVEESEAGRGTETSLPNVHHSS,1
GDGEFKIASPYCVISFNQYDFRQCLAELKEKTASFFYDFKFVIGMPKNIDQTKSSTT,0
GLLDTIKGVAKTVAASMLDKLKCKISGC,1
INLKALAALAKKIL,1
GLWSTIKNVAAAAGKAALGAL,1
TPGGIDFISGGPHVAQDVLNAIKNFFK,1
GSVAVNKNFGMLSFMLIDFGAARRL,0
VFKFAVRTLGDSAEQAMRQAGK,0
KEDQALSKEEEMETESDAEVECDLSNMEITEELRQYFAETERHR,0
GLFDIVKKVVGTLAGL,1
AGNPVESKRLKSGTLCLDVQSPQLLQQLIGKDPAQQQTQAAKRAGSER,0
CVLIGQRCDNDRGPRCCSGQGNCVPLPFLGGVCAV,1
MRVLLLLVSLAAVGNAYNAKVPIQTLPERLDNFPGRGPSFTRPAVVGVQTLPGRVPPQTFPGVIGVGTKPLISPPRPGFTGSTRPFQRPGQYSFTRSNCWARCPGYPNGDSLCCRQYGACCSTSYPVPYKG,1
KLSPSLGPVSKGKLLAGQR,1
GILSLVKGVAKLAGKGLAKEGGKFGLELIACKIAKQC,1
GVVDILKGAGKDLLAHLVGKISEKV,1
ILPILGNLLNSLL,1
FLWGLIPGAISAVTSLIKK,1
YTQPNSLWRGPDEDDLDSN,0
ETAIHKMTGLAAAQYGLTERGLLRQGYHADLVLFDPANVTDTATFSAPIQVSQGIHAVWVNGRQVWDGERTGAERPGQVLAPGDAIPWS,0
PKSKNLLIELAGGLFSPMDENY,0
KGIGSALKKGGKIIKGGLGALGAIGTGQQVYEHVQNRQ,1
YMVNNDYSLNQLALEIGVSPATLSRVLNGERRPGQLVIGK,0
GLFDVIKKVASVIGGL,1
EITEPSHVYEMDGERDGETVRIQDHIWERMAEGTIPDPPGTDRRAVVEGRVSVSPLTA,0
PNSSVYRNCPCIRCLAHNFLNLYISVFRRGETRSLPSSVQATASITSSS,0
GRDYRTCLTIVQKLKKMVDKPTQRSVSNAATRVCRTGRSRWRDVCRNFMRRYQSRVTQGLVAGETAQQICEDLR,1
DADHFTRTANRRDF,0
QGWEAVAAAVASKIVGLWRNEKTELLGHECKFTVKPYLKRFQVYYKGRMWCPGWTAIRGEASTRSQSGVAGKTAKDFVRKAFQKGLISQQEANQWLSS,1
CSTNTFSLSDYWGNNGAWCTLTHECMAWCK,1
HGAEALLTTPSAGKIYRTDAAGHRQCQTVRLNCADAQSLEWLPQENIIYDGAEGAQTLLLETS,0
IKEILKGNTQDISRMLVEKMQELANEMK,0
GLMDTVKNAAKNLAGQLLDTIKCKMTGC,1
KRFHSVGSLIQRHQQMIRDKSEATRHGIRIITRPKLLLAS,1
CAWYNISCRLGNKGAYCTLTVECMPSCN,1
NTSVIIVGAGVFGLSAAL,0
LIGPVLGLVGSALGGLLKKI,1
GIFSTVFKAGKGIVCGLTGLC,1
MMPYQINSSLLEKTN,0
GGKVIVAVDYGERKCGVA,0
IPMDGTAVITKGDRHLYIVTGRCLVKGYISRVG,0
FLSLIPHAINAVSTLVHHF,1
GISAVYFYHRLLLWAKGRKVLDILYELKIHFTSLKGLTGPEKEAPRCQIVN,0
NWVPGIEPFQK,0
GLQQTGVVIGGKKYMIT,0
GLALNRLMNKAVDAIVYMVGQQDAGVSLLGHPCLVESAKQPEGIYTAVMSCASWTPRFVGEGTSEVELEALKGSIRSFIRKASDYQLLSKEDLEDWLASY,1
GRCVCRKQLLCSYRERRIGDCKIRGVRFPFCCPR,1
GVIDAAKKVVNVLKNLF,1
ILGPVLGLVGNALGGLIKKI,1
GSGVTACHNLFALSLA,0
MDLTAIYESLLSLSPDVPVPSDHGGTESSPGWGSSGPWSLSPSDSSPSGVTSRLPGRSTSLVEGRSCGWVPPPPGFAPLAPRLGPELSPSPTSPTATSTTPSRYKTELCR,0
LFLCDMQEKFRHNIAYFPQIVSVAARMLKVARLLEVPVMLTEQYPQGLGPTVPELGTEGLRPLAKTCFSMVPALQQELDSRPQLRSVLLCGIEAQACILDPRSYPGLALTSLYPQNTTLDLL,0
GGGVIQTISHECRMNSWQFLFTCCS,1
KEKCDLKTDGEVEKLLIRAELFVDLKIDSVA,0
FLSTLLNVASNVVPTLICKITKKC,1
KFFRKLKKSVKKRAKEFFKKPRVIGVSIPF,1
QLKKCWNNYVQGHCRKICRVNEVPEALCENGRYCCLNIKELEAC,1
TAKIIDGKAIAHTIRSEIAEEVRGLSEKHGKVPGL,0
FLSLIPHAINAVSALANHG,1
AVDLAKIANKVLSSLF,1
TVVTQNIDGLHQRAGSPH,0
KQGAEICMCREFYQFLTADLKMEVPVDALLEGNDFTADMVISIG,0
QRKQMESELSKLKKNLRESENVVEEKRYMKEDLSKGSAESGAQTGSQR,0
SDKHLQSWYCRQLRSALLFHEPRIA,0
RTYRAMYDYSAQDEDEVSFRDGDYIVNV,0
ITIPPIVKNTLKKFIKGAVSALMS,1
DATPQPQSNQRFGNLAFRTYNK,0
VIVKAIATLSKKLL,1
DAPGHPGKHYLQVNVPSDVRTIGVAGGGVQQCFRVTPGAWNDTRALVSNGAQVEVWGYTVADCANRTTANQKYYDKAAAPSDSSTYFWFTLKNLRV,1
ATCYCRTGRCATRESLSGVCEISGRLYRLCCR,1
NDYNFKVGAKCKVELPNETEMYTCHVQNISKDKN,0
KKSCHTGLDRSAGWVIPIGTLVKKAILPWDRK,1
FLPIIAGIAAKFLPKIFCTISKKC,1
ENQHVQQTLNSTNEIEALETSRLYEDS,0
LLPNVAWTNIGAVDLAELAELQLEARLKGKLLEVFSVDKFPKM,0
PDSVSIPITCCFNVINRKIPIQRLESYTRITNIQCPKEAVIFKTKRGKEVCADPKERWVRDSMKHLDQIFQNLKP,1
QIDGFLFSISDTAGLREVQNNIENLGIQKTFETIEKSDI,0
SDPPAALREPPPPARRAGKAGSGELVFTRV,0
ACVNQCPDAIDRFIVKDKGCHGVEKKYYKQVYVACMNGQHLYCRTEWGGPCQL,1
TFNNISLLAQNSLEIISKLLFECVDLHPSFSFFLLDDFLRSF,0
RRRWIVVIWRRR,1
FPDFGSDEKITTTHTLVLGFAPAKGSVE,0
DMGINYVVITSVVRDDLY,0
RFKDFKNFVLIKEDFFDVDLRKLTDGKIKLTGNL,0
CSDAYLPENWKDPKE,0
QHYMNYQGQGSQL,0
AAKPMGITCDLLSLWKVGHAACAAHCLVLGDVGGYCTKEGLCVCKE,1
PLRLVDKFLLLMANL,0
SKSDLKAATDSTPRGEQSDK,0
WSPDDAGIQPKMIYASSK,0
RRSISNNAPPSMTRKRVETPFKTGV,0
PIRIWRWNGGLYNGP,0
RIRFPWPWRWPWWRRVRG,1
LQWIDPGKTITFLGSSGAGKSTIINSLLGGEIQKTNEVKVSDGTGKHTTTRRELFLLPSGGVLMDN,0
LAGYTGIASGTAKKVVDAIDKGAAAFVIISIISTVISAGALGAVSASADFIILTVKNYISRNLKAQAVIW,1
PPVFGRIDRDNR,0
MMIEIIEPNWHIFIEKMKT,0
LLNQELLLNPTHQIYPV,1
QVLEGLAAAVTGKLAGLWRNGEVELLGHYCSYSVTPTIRRWQLYFRGRMWCPGWTSIRGEAMTRSNSGVQGDTTRDFVTKALNAGLISQQEAQAWLDG,1
ARKNADLIRAFTRETETFTEL,0
PHKKMHKDFLEKI,0
VFQFLGKIIHHVGNFVHGFSHVF,1
GTDSGRFCSSICGQRCSKAGMKDRCMKFCGICCGKCKCVPSGTYGNKHECPCYRDMKNSKGKPKCP,1
LGSCVANKIKDEFFAMISISAIVKAAQKKAWKELAVTVLRFAKANGLKTNAIIVAGQLALWAVQCGLS,1
LADVDTVINNQLHVDNFNNSAEKKKHVEIITL,0
GLWSKIKEVGKEAAKAAAKAAGKAALGAVSEAV,1
SHLTRVDLKEDGKGLKIVRQSLPYGTASGTHGLYFCAYCARLHNIEQQLLSMFGDTDGKRD,0
SGDVGANDIKTAKKNLARALTVRREKILEELVEAYRGTPVSKLPKELRPKLNR,0
GIGKFLHSAGKFGKAFIGEIMKS,1
LVKLGDTMVLA,0
FMVPDFVVATRNSRIVSVQSASFEEYDADRRR,0
THTGEKPYTCEICNKCFTRSAVLRRHKKMH,0
GNNRPIYIPQPRPPHPRL,1
KAYSTPRCKGLFRALMCWL,1
TDSQGKFIPSTQRPDGTWRKPRRVRDGYVPQEEVPLYESKGKLFAQKPLLPPGM,0
NISHYSVLFKRLYVLLSVFDSLQSCAFGGPKLLN,0
LACMIVETILSTGGIIELPQGYLKALKKKCEERG,0
ENCKCTPESMAKAGFVHCPTENEPDVACC,0
GAILCNLCKDTVKLVENLLTVDGAQAVRQYIDNLCGKASGFLGTLCEKILSFGVDELVKLIENHVDPVVVCEKIHAC,1
GFMDTAKNVAKNVAVTLIDNLKCKITKAC,1
MDAFGLRDWLYEMAD,0
SWLSKTAKKLENSAKKRISEGIAIAIQGGPR,1
LASTLGISTAAAKKAIDIIDAASTIASIISLIGIVTGAGAISYAIVATAKTMIKKYGKKYAAAW,1
ASSGWVCTLTIECGTVICACR,1
FLPAVLLVATHVLPTVFCAITRKC,1
DAINNENEAITRAISDGKT,0
LHYLPSYYHLHVHFTALGFEAPGSGVERAHLL,0
GLFDIVKKVVGALGSL,1
LFETDNAADVKDLIRAPGFGGASVTI,0
KTYYGTNGVHCTKNSLWGKVRLKNMKYDQNTTYMGRLQDILLGWATGAFGKTFH,1
TWQEIPDLPAEMGDRVTF,0
FAHEIVIVNIDN,0
MDSFQKIEKIGEGTYGVVYKAKDKVSGRLVALKKIRLENESEGVPSTA,1
DIDFSTCARMDVPILKKAAQGLCITSCSMQNCGTGSCKKRSGRPTCVCYRCANGGGDIPLGAL,1
GSPSQCPNILGPIRFGDDVMWNKTIFTKETNFFMRSSFYFLPLDGRCFVDKITLERYDFDFFDTDVWKTLGLSPLVNEKREESAH,0
FLKNSGELEATSAFLASGQRADGYPIWSRQDD,0
GFTQGVRNSQSCRRNKGICVPIRCPGSMRQIGTCLGAQVKCCRRK,1
FLPLVLGALSGILPKIL,1
GIFGKILGAGKKVLCGLSGLC,1
CKNLCKHQGGLFMKDIEDLDGRSVKCT,0
RRWRIVVIRVRR,1
GFLDIINKLGKTFAGHMLDKIKCTIGTCPPSP,1
PGNHLINMTSSTTLNLSADRDAGE,0
VIDHKGFRYVSEADL,0
IKIPSFFRNILKKVGKEAVSLIAGALKQS,1
SNGDVNLDERNPELDARMSDHQEWHLELERVLPQLKVFVKADARDWRTHISQMETLKTNILENSDTAEAQLKKLHSEFTFDLEKIESREKHLNNELKPLIQQFKEL,0
VIPFVASVAAEMMQHVYCAASKKC,1
TTPACFTIGLGVGALFSAKFC,1
THVIVGHSERRTDHAETDHLVRAKASAAHQVDLIAIVCIGETADERKAGQTLDILKRQLAGSLPDEATAENTVIAYEPVWAIGTGLTPTTQDVREAHAFMRDELVKRFGDAGKTMRILYGGSVK,0
RFGRFLRKIRRFRPKVTITIQGSARFG,1
AIPCGESCVWIPCISTVIGCSCSNKVCYR,1
LLDGTKFDSSRDRATPFKFTLGQGQVIKGWDIGIK,0
NLLNDALGTVNGLLGS,1
TENEANKSTDDPSQLSV,0
IKIPPIVKDTLKKVAKGVLSTIAGALST,1
VLGGYSVHGTVYVMAPPESARTIEYTAGRIISHTDGILGGTSLLPGGAGITARLLSHRT,0
GQIFQDDFDPESEQNQKLEDCARQLNRIFTLCLNDRAPLEESRKWGIYYIINLLFKTYFKLN,0
GKAGGKDITDIGSLRDSVN,0
GIWDTIKSMGKVFAGKILQNL,1
LEKLKDDLARERAAFHNFRM,0
FLPLKKLRFGLL,1
GLSQGVEPDIGQTYFEESRINQD,1
GIMDTVKNVAKNLAGQLLDKLKCKITAC,1
RRRWWWRRWWRR,1
FIHHIIGWISHGVRAIHRAIHG,1
LVDDFDGAGAADETVEFGLDGVTYEIDLTNKNAAKLRGDLRQWVSAGRRVGGRRRGRSNSGRGR,0
YELDESEEFFSEFSPNYLIITNARGDHLENYGNSLTRYRSAFEKISRNTDLVVTFAEDELTSHLGDVTFGVKKGTYTLEMRSASRAEQKAMV,0
DFKDYSTSAFHLHFSPLTPNHASTEAVSNFKQSSTIPSISKSNLTNPPLESEKSSDKALLTRPATSRRRCCHPTCTRITLRL,0
NYLINKFPNFKIELGMR,0
RESPSSRMECYEQAERYGYGGYGGGRYGGGYGSGRGQPVGQGVERSHDDNRNQPR,1
VSEHHADSTYPVVSAASIVAKVTRDREIAKLAKKYGQIGSGYP,0
FIGAIARLLSKIF,1
PPTLLSKDQIKKVRKELREYSRQFDEED,0
NTASTSNDAVRFSHIKPSASSP,0
GFWGKLFKLGLHGIGLLHLHL,1
PDPAKTAPKKGSKKAVTKA,1
SIWGDIGQGVGKAAYWVGKAMGNMSDVNQASRINRKKKH,1
YKGIIILTDSDKSGNIIRQKIVKYLGENNKIKHAYLNTKDTEVESVNKTEIIKILKGVGTLSKDNQKDLLKLSDLLELGIIG,0
GLWSKIKTAGKSVAKAAAKAAVKAVTNAV,1
RAIGGGLSSVGGGSSTIKY,1
LLRALASKTPQIKKYIKYALNCVR,0
PTRKEEEASFWKINAERSRGEGPEAEFQSLTPSQIKSMEKGEKVLPPCYRQEPAP,0
QMKRRIIDSHKLLLNFNVIKDN,0
AIEAGSSFNVPHGYAISVGMVCEAKMAEELG,0
SEIAITKIIHKDLANNKFSDNAFEVSYYEEELLVRFYP,0
YSYKKIDCGGACAARCRLSSRPRLCNRACGTCCARCNCVPPGTSGNTETCPCYASLTTHGNKRKCP,1
DIEVPMSPLEKDKRVIIVKELSLAK,0
ESFLKSKTGYQGVQTLPGFIGGSQPHLGGGIGGGRPFISQPNLGGGIGGGIGGGKPFIPQPNLGGGIGSTRPFPRPQYGDYGSRNSCNRQCPSTYGGRGICCRRWGSCCPTNYK,1
AKCIKNGKGCREDQGPPFCCSGFCYRQVGWARGYCKNR,1
TYMPVEEGEYIVNISYADQPKKNSPFTAKKQPGPKVDLSGVKAYGPG,1
DVIYMMWHAAALGLPFLPVTLMQGSGLTDEWGISKEVRKTLDKVPDDKFKYIDNPFKPGEKVVAVPV,0
RSFATEESLHLHTQTPKGLVEFNLDDNLF,0
QQQGRLPLAAKDNNRSKSFIFPETSNQSKD,0
QIVDCWETWSRCTKWSQGGTGTLWKSCNDRCKELGRKRGQCEEKPSRCPLSKKAWTCICY,1
YNPEFVFISTNFLKTLDFQRFKDG,0
SILPTIVSFLSKVF,1
MIRKEAYVHKSVMEELKRIIDDSEITKEDDALWPPPDRVGRQELEIVIGDEHISFTTSKIGSLIDVNQSKDPEGLRVFYYLVQD,0
RLKTYRKELYDEVISMNEIPSQASTTHQKLQVC,0
KSSYTMSPSHAPPRS,0
RGGRLCYCRGWICFCVGR,1
FLPLIGRVLSGIL,1
DESYAPSLVKVYAGHSPS,0
GTTVVNSTFSIVLGNKGYICTVTVECMRNCSK,1
APRFPALWQRFCHFYRQDPLARRRENGLQD,0
QEQDLTPELKKWLYASGSLTQQLTDLADGLFT,0
GLLPSLEDLLFYTI,0
VAEWEKVAAQLLNL,0
IRSHLDADPVV,0
NPLIPAIYIGATVGPSVWAYLVALVGAAAVTAANIRRASSDNHSCAGNRGWCRSKCFRHEYVDTYYSAVCGRYFCCRSR,1
VDKPPYLPRPPPPRRIYNNR,1
LLQDKDSLMNALQASHDAHMGKIDSLEDRLVSNELRS,0
RASPSILDTILID,0
NLVSGLIEARKYLEQLHRKLKNCKV,1
TDIKLKKKLREVVVKIDCVDQLMVIKTLPGNAHVI,0
HPLMRKWWNHMSDIMETNP,0
RCGPDTQVHLTTQA,0
RLLNLSFCGGISDAGLLHLSHMGSLRSLNLRSCDNISDTG,0
GLLGSIGNAIGAFIANKLKPK,1
KYYGNGVTCGKHSCSVNWGQAFSCSVSHLANFGHGKC,1
LILYAPNEFSFNWIKDNYIENLKKLLKNFCNINTTPTLMLKICKPKIIQKKFFNELTLKK,0
VELISDLIREVGEARQVDMAARLGVSQPTVAKMLKRLATMG,0
QLGELIQQGGQKIVEKIQKIGQRIRDFFSNLRPRQEA,1
IGVIKLSLCEEERNADEEKRRDDPDEMDVEVEKR,1
PLVTGQESAPKHPKSALQEWAAAHNRRPPVYEIVSRTGPQHNPCFTIQVSIAG,0
FLPIVGKLLSGLSGLL,1
KYYGNGVHCTKSGCSVNWGEAFSAGVHRLANGGNGFW,1
NSGNDLGKVLQLLLPAAVQIQQEVLQNYG,0
ADTAESTQATENKEEEDEDFD,0
ETLIQTIESVRNVEGVLA,0
EISDEMKAICNLQLGK,0
FLPIASLLGKYL,1
LPFFLLSLIPSAISAIKKI,1
DFYVDGDEICIATM,0
FLPVILPVIGKLLSGIL,1
IKHYYDENPDIPPEILLSHLPSESKLVEAWLKSRVSHRVE,0
VGIGGGGGGGGGGSCGGQGGGCGGCSNGCSGGNGGSGGSGSHI,1
FLPKLFAKITKKNMAHIR,1
MAGGKAGKDSGKAKAKAVSRSARAGLQFPVGRIHRHLK,1
GYFPGRPPFPRPFPRPPSRPFPRPPFPGPFPRPYPWR,1
YSLKKTSMKIIPFTRL,1
GIFSLIKGAAQLIGKTVAKEAGKTGLELMACKVTKQC,1
LFGERLVAFASI,0
CVEKTFIFPPEAIEKLKSKAVEFGIEKPTRVEV,0
GFGCPWNRYQCHSHCRSIGRLGGYCAGSLRLTCTCYRS,1
RPSATHNLALKDCFLFICDLIRIYHHVLKVPIHESNMNLHVEP,0
ALWMTLLKKVLKAAAKAALNAVLVGANA,1
GVWTTILGGLKKFAKGGLEALTNPK,1
FLPVVAGLAAKVLPSIICAVTKKC,1
CLVAFIIGSLWDKERLM,0
TLNKTEQAGRNALLSDISKGKKLKKTVTNDRSAPILDKPKGAGAGGGGGGFGGG,0
LRVRRTLQCSCRRVCRNTCSCIRLSRSTYAS,1
GLFGVLGSIAKHVLPHVVPVIAEK,1
FIGPIISALASLFG,1
VTQNELLKQQVKIFEEDFQRERSDRERMNEEKEELKKQVEKLQAQVTLTNAQLKTLKE,0
RLGDILQKAREKIEGGLKKLVQKIKDFFGKFAPRTES,1
CRQQPVDEERQDRVSKISKHFQDSGTPVSEEVSPTRLPSPTSARRASH,0
GEVSPEVLETQVNPAVWEISGHMVLKRKEDYEGASEDNAWRLLAEASL,0
LFLRQSVQNPASSFTFN,0
ARLKKCFNKVTGYCRKKCKVGERYEIGCLSGKLCCAN,1
LKNFSAQEKDIVNKTSISHSRSSSN,0
HVDKKVADKVLLLKQLRIMRLLTRL,1
YIFPKIPDNVQ,0
RGLDIKDIKYVVNYDFPNTIEVYIHRIGRTARAG,0
DTVACRIQGNFCRAGACPPTFTISGQCHGGLLNCCAKIPAQ,1
SSLPAIPNPFPELCGPGSPPVLTPGSLPPSQA,0
LRDGRRAASSSWPGRGSSRRW,0
QDKGNADTRFLGGLGVPGGGVPGVGGGFLPGVPGHGGVVPGGGGNYCRTRYGYVCCKPGRCPQIRETCPGLRKGIPICRQDNECFGSDKCCFDTCLNDTVCKPIVAGFSGLLPGGQFEC,1
LPLSTTPILHEEFGNLTIGSHSSA,0
GWRLLLKKAEVKTVGKLALKHYL,1
FLPLLVGAISSILPKIF,1
PPQDPLRSPVAQHNHPTFRLKSPENGNTK,0
GWWRRTVDKVRNAGRKVAGFASKACGALGH,1
FLPLLAGVVANFLPQIICKIARKC,1
NIQAPYSNVPALAERWQR,0
GILGNIVGMGKKIVCGLSGLC,1
YASGNLLNRIVSSIEEEKFGKASNDVYLLEKIWKILAE,0
LNKSHYVAKTPEIQDEPWKPKFDWKESEPITDRKSTFMAHATRVYSTE,0
METLRSFKITHILTLDSVPLPQHILEASFLTTKYIQIADMPRE,0
ALWKTIIKGAGKMIGSLAKNLLGSQAQPES,1
VGSEVSDKRTCVSLTTQRLPVSRIKTYTITEGSLRAVIFITKRGLKVCADPQATWVRDVVRSMDRKSNTRNNMIQTKPTGTQQSTNTAVTLTG,1
DSAVAKTIEESISKNYPKCPFKVIGEAELL,0
ATRVVYCNRRSGSVVGGDDTVYYEG,1
VAESNIEAMERKVDELYGAACKRYPTYDTMVQNAFCASMDAAFGTDEQAEGVAEVFAYARDAY,0
MLAKIKAMIKKFPNPYTLAAKLTTYEINWYKQQYGRYPWERPVA,1
PLAQSVAFRDLPL,0
EAHLAVNDFELARADFQKVLQLYPNNK,0
VGALAVVVWLWLWLW,1
IDLQKVIKKQSLQLTELQAHYEDVQRQLQATLDQYAV,0
YVNLNHIMPTRYSVKELCDFKEL,0
FFGHLFRGIINVGKHIHGLLSG,1
LIDHLGAPRWAVDTILGAIAVGNLASWVLALVPGPGWAVKAGLATAAAIVKHQGKAAAAAW,1
GLLGGLLGPLLGGGGGGGGGLL,1
GLLRKGGEKIGEKLKKIGQKIKNFFQKLVPQPEQ,1
FCHLCEDLIKDGKEAGDVALDVWLDEEIGSRCKDFGVLASECFKELKVAEHDIWEAIDQEIPEDKTCKEAKLC,1
NVALLNAMYYYHKLSTICSGTRTLQALLLLNRYFQ,0
GLLRASSVWGRKYYVDLAGCAKA,1
PIVSDLTPDFSGPLAGMLAGLK,0
GLLGSIGKVLGGYLAEKLKPK,1
PPIQNPSMAPPTQNPYGQPMTPPTQNPYGQPMAPP,1
AAGKKPLDVVLPQLHEAMGGQGRLFAQVMATTAEGMVN,0
SADSFPDTKVTYVDRKELPGERKTKTEIVVESKLTEDVDVSDE,0
GKARSLKKRVGNYA,0
GLFDIIKNIFSGL,1
HATDTETHTFT,0
GFLDVIKHVGKAALGVVTHLINQ,1
TFLRKELLRQGFAKIDSTSI,0
YPELQQDLIARLL,1
REATQLALERDGFAVTAMPDGLSGLEA,0
GVVDILKGAAKDIAGHLASKVMNKL,1
FLPLILRKIVTAL,1
YWRILAEDNLLWREKCKEEGIDE,0
VSCGDVTSSIAPCLSYVMGRESSPSSSCCSGVRTLNGKASSSADRRTACSCLKNMASSFRNLNMGNAASIPSKCGVSVAFPISTSVDCSKIN,1
LGVGHPGHKDAVAGYVLRDFPKADQG,0
GRIVDLVEKRV,0
GLMSVLGHAVGNVLGGLFKS,1
FLPKTLRKFFCRIRGGRCAVLNCLGKEEQIGRCSNSGRKCCRKKK,1
PDSHGWTPLHCAASCNDTVIC,0
GILDTFKGVAKGVAKDLAVHMLENLKCKMTGC,1
LTPYVGVVDGP,0
FLGALWNVAKSVF,1
STIQFPDGRPLAGPKTSGGCPRCGFAVFAAEQMISKTRIWHKRCFYCSDCRKSLDSTNLNDGPDG,0
ETHAYSKTSSNTSIHESDDDDIWGDDEPTQTPAVKRIHTK,0
SIGTAVKKAVPIAKKVGKVAIPIAKAVLSVVGQLVG,1
GYNDEINVDSLVKYRAELKEFAKERHIKLSYMPFFIKAASLALLEYPSLNSTTDEKMENVIHKASHNICLAMDTPGGLVVPNIKNCEQRSIFEIAQELNRLLEAGKKQQIKREDLIDGTFSL,0
GLFLDTLKGAAKDVAGKLEGLKCKITGCKLP,1
FAIHWSVQRLFTGMQTLEPSVVCVGGDGSASEVAH,0
RPAKGVATTREKVLEDKLRAVLTPL,0
KGRGKQGGKVRAKAKTRSS,1
ADGRVNLPDNLRELAGLTDEVVFVGAGPR,0
ILKKPISEVTDGAFFDYMAVYRMCCPYTRRASKSS,0
QVQILDEALEAAVRLSHRYIPARQLPD,0
KAYSMPRCKGGFRAVMCWL,1
GCWSTVLGGLKKFAKGGLEAIVNPK,1
IYIEKEGDSINLLCPFCALPENINDLIYALSLN,0
RLARIVPIRVAR,1
KVTKSVKSIPVKI,1
LTEGSSLSKNSVGMGLGMKLPSIHSLINQKNSYNPFQTTLHSKSFSV,0
SGIELFAINTYIEEYSFGNQFNHKSRSERK,0
FSKIVDVCHDHGIEVFVALDVNENHEVLVSGWKEDAGVTLEDAIERFNE,0
HEEFLKEEFPKLKALGISVKQSFSEKVRGKIPKIKFL,0
VYTDFDGTRVYSPPEWIRYHRY,0
LARIDFLLEKETMKVYVNEINTIPGSFAFYLWKP,0
